Rank,RO,ST,Locid,City,Airport Name,S/L,Hub,CY 09 Boardings,CY 08 Boardings,% Change,,
1.0,SO,GA,ATL,Atlanta,Hartsfield - Jackson Atlanta International,P,L,42280868.0,43761280.0,-0.0338,,
2.0,GL,IL,ORD,Chicago,Chicago O'Hare International,P,L,31135732.0,33683991.0,-0.0757,,
3.0,WP,CA,LAX,Los Angeles,Los Angeles International,P,L,27439897.0,28861477.0,-0.0493,,
4.0,SW,TX,DFW,Fort Worth,Dallas/Fort Worth International,P,L,26663984.0,27219285.0,-0.0204,,
5.0,NM,CO,DEN,Denver,Denver International,P,L,24013669.0,24287939.0,-0.0113,,
6.0,EA,NY,JFK,New York,John F Kennedy International,P,L,22710272.0,23620948.0,-0.0386,,
7.0,WP,NV,LAS,Las Vegas,McCarran International,P,L,19445952.0,21024443.0,-0.0751,,
8.0,SW,TX,IAH,Houston,George Bush Intercontinental/Houston,P,L,19290239.0,20030898.0,-0.037,,
9.0,WP,AZ,PHX,Phoenix,Phoenix Sky Harbor International,P,L,18559647.0,19450576.0,-0.0458,,
10.0,WP,CA,SFO,San Francisco ,San Francisco International,P,L,18467908.0,18135827.0,0.0183,,
11.0,SO,NC,CLT,Charlotte,Charlotte/Douglas International,P,L,17165376.0,17281425.0,-0.0067,,
12.0,EA,NJ,EWR,Newark,Newark Liberty International,P,L,16659441.0,17599578.0,-0.0534,,
13.0,SO,FL,MCO,Orlando,Orlando International,P,L,16371016.0,17288480.0,-0.0531,,
14.0,SO,FL,MIA,Miami,Miami International,P,L,16187768.0,16377488.0,-0.0116,,
15.0,GL,MN,MSP,Minneapolis,Minneapolis-St Paul International/Wold-Chamberlain,P,L,15551206.0,16369324.0,-0.05,,
16.0,NM,WA,SEA,Seattle,Seattle-Tacoma International,P,L,15273092.0,15839504.0,-0.0358,,
17.0,GL,MI,DTW,Detroit,Detroit Metropolitan Wayne County,P,L,15211402.0,16998174.0,-0.1051,,
18.0,EA,PA,PHL,Philadelphia,Philadelphia International,P,L,15002961.0,15586852.0,-0.0375,,
19.0,NE,MA,BOS,Boston,General Edward Lawrence Logan International,P,L,12566797.0,12820489.0,-0.0198,,
20.0,EA,VA,IAD,Dulles,Washington Dulles International,P,L,11132098.0,11348775.0,-0.0191,,
21.0,EA,NY,LGA,New York,La Guardia,P,L,11084300.0,11567586.0,-0.0418,,
22.0,EA,MD,BWI,Glen Burnie,Baltimore/Washington International Thurgood Marshal,P,L,10338950.0,10215225.0,0.0121,,
23.0,SO,FL,FLL,Fort Lauderdale,Fort Lauderdale/Hollywood International,P,L,10258118.0,11020091.0,-0.0691,,
24.0,NM,UT,SLC,Salt Lake City,Salt Lake City International,P,L,9903821.0,9993198.0,-0.0089,,
25.0,WP,HI,HNL,Honolulu,Honolulu International,P,L,8739389.0,9013440.0,-0.0304,,
26.0,EA,VA,DCA,Arlington,Ronald Reagan Washington National,P,L,8490288.0,8704466.0,-0.0246,,
27.0,WP,CA,SAN,San Diego,San Diego International,P,L,8453854.0,9007617.0,-0.0615,,
28.0,SO,FL,TPA,Tampa,Tampa International,P,L,8263294.0,8871917.0,-0.0686,,
29.0,GL,IL,MDW,Chicago,Chicago Midway International,P,L,8253620.0,8021383.0,0.029,,
,,,29.0,,,,L ,,,,,
30.0,NM,OR,PDX,Portland,Portland International,P,M,6430119.0,7090526.0,-0.0931,,
31.0,CE,MO,STL,St. Louis,Lambert-St Louis International,P,M,6084070.0,6740468.0,-0.0974,,
32.0,SO,KY,CVG,Greater Cincinnati International Airport,Cincinnati/Northern Kentucky International,P,M,5194214.0,6648600.0,-0.2188,,
33.0,SO,TN,MEM,Memphis,Memphis International,P,M,5054191.0,5376818.0,-0.06,,
34.0,CE,MO,MCI,Kansas City,Kansas City International,P,M,4894349.0,5386242.0,-0.0913,,
35.0,GL,OH,CLE,Cleveland,Cleveland-Hopkins International,P,M,4704329.0,5387625.0,-0.1268,,
36.0,WP,CA,OAK,Oakland,Metropolitan Oakland International,P,M,4612631.0,5583748.0,-0.1739,,
37.0,WP,CA,SMF,Sacramento,Sacramento International,P,M,4460600.0,4986771.0,-0.1055,,
38.0,SO,NC,RDU,Raleigh,Raleigh-Durham International,P,M,4435624.0,4792909.0,-0.0745,,
39.0,SO,TN,BNA,Nashville,Nashville International,P,M,4385780.0,4648000.0,-0.0564,,
40.0,WP,CA,SNA,Santa Ana,John Wayne Airport-Orange County,P,M,4311329.0,4464380.0,-0.0343,,
41.0,WP,CA,SJC,San Jose,Norman Y. Mineta San Jose International,P,M,4103834.0,4780264.0,-0.1415,,
42.0,SO,PR,SJU,San Juan,Luis Munoz Marin International,P,M,4094662.0,4635798.0,-0.1167,,
43.0,SW,TX,HOU,Houston,William P Hobby,P,M,4087524.0,4246907.0,-0.0375,,
44.0,SW,TX,AUS,Austin,Austin-Bergstrom International,P,M,4027100.0,4268536.0,-0.0566,,
45.0,EA,PA,PIT,Pittsburgh,Pittsburgh International,P,M,3956842.0,4292546.0,-0.0782,,
46.0,SW,LA,MSY,Metairie,Louis Armstrong New Orleans International,P,M,3916746.0,3990374.0,-0.0185,,
47.0,GL,WI,MKE,Milwaukee,General Mitchell International,P,M,3822542.0,3861333.0,-0.01,,
48.0,SW,TX,SAT,San Antonio,San Antonio International,P,M,3791928.0,4018866.0,-0.0565,,
49.0,GL,IN,IND,Indianapolis,Indianapolis International,P,M,3732534.0,4061450.0,-0.081,,
50.0,SW,TX,DAL,Dallas,Dallas Love Field,P,M,3675861.0,4021976.0,-0.0861,,
51.0,SO,FL,RSW,Fort Myers,Southwest Florida International,P,M,3668279.0,3770681.0,-0.0272,,
52.0,GL,OH,CMH,Columbus,Port Columbus International,P,M,3096515.0,3419513.0,-0.0945,,
53.0,SO,FL,PBI,West Palm Beach,Palm Beach International,P,M,3004076.0,3232009.0,-0.0705,,
54.0,SW,NM,ABQ,Albuquerque,Albuquerque International Sunport,P,M,2881798.0,3158971.0,-0.0877,,
55.0,SO,FL,JAX,Jacksonville,Jacksonville International,P,M,2777041.0,2965973.0,-0.0637,,
56.0,EA,NY,BUF,Buffalo,Buffalo Niagara International,P,M,2657467.0,2744501.0,-0.0317,,
57.0,NE,CT,BDL,Windsor Locks,Bradley International,P,M,2626873.0,3006362.0,-0.1262,,
58.0,WP,HI,OGG,Kahului,Kahului,P,M,2496145.0,2652335.0,-0.0589,,
59.0,WP,CA,ONT,Ontario,Ontario International,P,M,2416872.0,2998110.0,-0.1939,,
60.0,WP,CA,BUR,Burbank,Bob Hope,P,M,2294991.0,2647287.0,-0.1331,,
61.0,AL,AK,ANC,Anchorage,Ted Stevens Anchorage International,P,M,2282637.0,2599313.0,-0.1218,,
62.0,NE,RI,PVD,Warwick,Theodore Francis Green State,P,M,2153168.0,2342593.0,-0.0809,,
63.0,CE,NE,OMA,Omaha,Eppley Airfield,P,M,2083973.0,2136880.0,-0.0248,,
64.0,WP,NV,RNO,Reno,Reno/Tahoe International,P,M,1828818.0,2150816.0,-0.1497,,
65.0,WP,AZ,TUS,Tucson,Tucson International,P,M,1795534.0,2070573.0,-0.1328,,
,,,36.0,,,,M ,,,,,
66.0,EA,VA,ORF,Norfolk,Norfolk International,P,S,1701246.0,1786594.0,-0.0478,,
67.0,SW,OK,OKC,Oklahoma City,Will Rogers World,P,S,1662631.0,1838709.0,-0.0958,,
68.0,EA,VA,RIC,Highland Springs,Richmond International,P,S,1649284.0,1733668.0,-0.0487,,
69.0,SO,KY,SDF,Louisville,Louisville International-Standiford Field,P,S,1622804.0,1845317.0,-0.1206,,
70.0,NE,NH,MHT,Manchester,Manchester,P,S,1578349.0,1834875.0,-0.1398,,
71.0,SW,TX,ELP,El Paso,El Paso International,P,S,1495879.0,1613946.0,-0.0732,,
72.0,NM,WA,GEG,Spokane,Spokane International,P,S,1494490.0,1691345.0,-0.1164,,
73.0,SO,AL,BHM,Birmingham,Birmingham-Shuttlesworth International,P,S,1442155.0,1623506.0,-0.1117,,
74.0,SW,OK,TUL,Tulsa,Tulsa International,P,S,1416249.0,1606622.0,-0.1185,,
75.0,WP,CA,LGB,Long Beach,Long Beach /Daugherty Field/,P,S,1401903.0,1413251.0,-0.008,,
76.0,NM,ID,BOI,Boise,Boise Air Terminal/Gowen Field,P,S,1400343.0,1574210.0,-0.1104,,
77.0,EA,NY,ALB,Albany,Albany International,P,S,1302814.0,1365854.0,-0.0462,,
78.0,WP,HI,KOA,Kailua Kona,Kona International at Keahole,P,S,1279968.0,1332667.0,-0.0395,,
79.0,EA,NY,ROC,Rochester,Greater Rochester International,P,S,1273783.0,1349694.0,-0.0562,,
80.0,WP,GU,GUM,Tamuning,Guam International,P,S,1250479.0,1314725.0,-0.0489,,
81.0,GL,OH,DAY,Dayton,James M Cox Dayton International,P,S,1240848.0,1454618.0,-0.147,,
82.0,WP,HI,LIH,Lihue,Lihue,P,S,1228150.0,1287696.0,-0.0462,,
83.0,SW,AR,LIT,Little Rock,Adams Field,P,S,1108603.0,1181846.0,-0.062,,
84.0,SO,SC,CHS,Charleston,Charleston AFB/International,P,S,1095038.0,1174667.0,-0.0678,,
85.0,EA,NY,SYR,Syracuse,Syracuse Hancock International,P,S,1016571.0,1105143.0,-0.0801,,
86.0,EA,NY,HPN,White Plains,Westchester County,P,S,964927.0,904482.0,0.0668,,
87.0,NM,CO,COS,Colorado Springs,City of Colorado Springs Municipal,P,S,931993.0,997348.0,-0.0655,,
88.0,EA,NY,ISP,Islip,Long Island MacArthur,P,S,929902.0,1048768.0,-0.1133,,
89.0,GL,MI,GRR,Grand Rapids,Gerald R. Ford International,P,S,883677.0,902925.0,-0.0213,,
90.0,NE,ME,PWM,Portland,Portland International Jetport,P,S,871291.0,876102.0,-0.0055,,
91.0,SO,NC,GSO,Greensboro,Piedmont Triad International,P,S,862679.0,1052258.0,-0.1802,,
92.0,CE,IA,DSM,Des Moines,Des Moines International,P,S,853596.0,919990.0,-0.0722,,
93.0,SO,FL,SFB,Sanford,Orlando Sanford International,P,S,836223.0,927188.0,-0.0981,,
94.0,SO,TN,TYS,Alcoa,McGhee Tyson,P,S,811379.0,839266.0,-0.0332,,
95.0,SO,GA,SAV,Savannah,Savannah/Hilton Head International,P,S,799066.0,959037.0,-0.1668,,
96.0,GL,WI,MSN,Madison,Dane County Regional-Truax Field,P,S,747941.0,728075.0,0.0273,,
97.0,WP,CA,PSP,Palm Springs,Palm Springs International,P,S,739349.0,772906.0,-0.0434,,
98.0,CE,KS,ICT,Wichita,Wichita Mid-Continent,P,S,730374.0,780756.0,-0.0645,,
99.0,GL,OH,CAK,Akron,Akron-Canton Regional,P,S,715367.0,722337.0,-0.0096,,
100.0,SO,SC,MYR,Myrtle Beach,Myrtle Beach International,P,S,704771.0,705430.0,-0.0009,,
101.0,NE,VT,BTV,Burlington,Burlington International,P,S,700592.0,747559.0,-0.0628,,
102.0,SO,FL,PNS,Pensacola,Pensacola Gulf Coast Regional,P,S,694786.0,771917.0,-0.0999,,
103.0,SO,FL,SRQ,Sarasota/Bradenton,Sarasota/Bradenton International,P,S,675969.0,753126.0,-0.1024,,
104.0,WP,HI,ITO,Hilo,Hilo International,P,S,651212.0,648263.0,0.0045,,
105.0,SO,MS,JAN,Jackson,Jackson-Evers International,P,S,635116.0,678976.0,-0.0646,,
106.0,SO,SC,GSP,Greer,Greenville Spartanburg International,P,S,625728.0,699805.0,-0.1059,,
107.0,EA,PA,MDT,Harrisburg,Harrisburg International,P,S,615625.0,635627.0,-0.0315,,
108.0,SO,VI,STT,Charlotte Amalie,Cyril E King,P,S,589163.0,593589.0,-0.0075,,
109.0,WP,CA,FAT,Fresno,Fresno Yosemite International,P,S,580203.0,600489.0,-0.0338,,
110.0,SO,AL,HSV,Huntsville,Huntsville International-Carl T Jones Field,P,S,572767.0,612690.0,-0.0652,,
111.0,SW,TX,LBB,Lubbock,Lubbock Preston Smith International,P,S,534818.0,562241.0,-0.0488,,
112.0,SW,AR,XNA,Bentonville,Northwest Arkansas Regional,P,S,530087.0,547871.0,-0.0325,,
113.0,EA,NJ,ACY,Atlantic City,Atlantic City International,P,S,525121.0,527873.0,-0.0052,,
114.0,SO,SC,CAE,Columbia,Columbia Metropolitan,P,S,521165.0,565938.0,-0.0791,,
115.0,EA,VA,PHF,Newport News,Newport News/Williamsburg International,P,S,498205.0,504292.0,-0.0121,,
116.0,GL,MI,FNT,Flint,Bishop International,P,S,489388.0,526492.0,-0.0705,,
117.0,CE,IA,CID,Cedar Rapids,The Eastern Iowa,P,S,474508.0,499600.0,-0.0502,,
118.0,GL,IL,MLI,Moline,Quad City International,P,S,461888.0,476532.0,-0.0307,,
119.0,SO,KY,LEX,Lexington,Blue Grass,P,S,450464.0,496384.0,-0.0925,,
120.0,AL,AK,FAI,Fairbanks,Fairbanks International,P,S,424496.0,456947.0,-0.071,,
121.0,SW,TX,MAF,Midland,Midland International,P,S,423801.0,488928.0,-0.1332,,
122.0,SO,MS,GPT,Gulfport,Gulfport-Biloxi International,P,S,411978.0,487907.0,-0.1556,,
123.0,SO,NC,ILM,Wilmington,Wilmington International,P,S,400526.0,400993.0,-0.0012,,
124.0,CE,MO,SGF,Springfield,Springfield-Branson National,P,S,398025.0,380419.0,0.0463,,
125.0,NM,MT,BIL,Billings,Billings Logan International,P,S,397073.0,422494.0,-0.0602,,
126.0,SW,TX,AMA,Amarillo,Rick Husband Amarillo International,P,S,394569.0,453459.0,-0.1299,,
127.0,NE,ME,BGR,Bangor,Bangor International,P,S,388681.0,355508.0,0.0933,,
128.0,WP,MP,GSN,Saipan,Francisco C. Ada/Saipan International,P,S,384882.0,441013.0,-0.1273,,
129.0,SO,FL,PIE,Clearwater,St Petersburg-Clearwater International,P,S,381029.0,363725.0,0.0476,,
130.0,WP,CA,SBA,Santa Barbara,Santa Barbara Municipal,P,S,379777.0,413929.0,-0.0825,,
131.0,EA,PA,ABE,Allentown,Lehigh Valley International,P,S,376091.0,392039.0,-0.0407,,
132.0,SO,FL,VPS,Valparaiso,Eglin AFB,P,S,374220.0,373808.0,0.0011,,
133.0,SW,TX,HRL,Harlingen,Valley International,P,S,367269.0,417557.0,-0.1204,,
134.0,SW,TX,MFE,McAllen,McAllen Miller International,P,S,361778.0,372640.0,-0.0291,,
135.0,SO,FL,TLH,Tallahassee,Tallahassee Regional,P,S,360441.0,399094.0,-0.0969,,
136.0,GL,ND,FAR,Fargo,Hector International,P,S,352041.0,326941.0,0.0768,,
137.0,SW,TX,CRP,Corpus Christi,Corpus Christi International,P,S,349383.0,388856.0,-0.1015,,
,,,72.0,,,,S , ,,,,
138.0,GL,WI,GRB,Green Bay,Austin Straubel International,P,N,348151.0,410348.0,-0.1516,,
139.0,SW,LA,BTR,Baton Rouge,"Baton Rouge Metropolitan, Ryan Field",P,N,347815.0,416568.0,-0.165,,
140.0,NM,MT,BZN,Bozeman,Gallatin Field,P,N,343754.0,349550.0,-0.0166,,
141.0,NM,OR,EUG,Eugene,Mahlon Sweet Field,P,N,340662.0,358819.0,-0.0506,,
142.0,AL,AK,JNU,Juneau,Juneau International,P,N,337038.0,378741.0,-0.1101,,
143.0,GL,SD,FSD,Sioux Falls,Joe Foss Field,P,N,332709.0,367874.0,-0.0956,,
144.0,NM,WA,BLI,Bellingham,Bellingham International,P,N,326850.0,277281.0,0.1788,,
145.0,GL,IN,SBN,South Bend,South Bend Regional,P,N,318974.0,357168.0,-0.1069,,
146.0,SO,TN,CHA,Chattanooga,Lovell Field,P,N,311399.0,300796.0,0.0352,,
147.0,WP,AZ,GCN,Grand Canyon,Grand Canyon National Park,P,N,297894.0,294436.0,0.0117,,
148.0,EA,VA,ROA,Roanoke,Roanoke Regional/Woodrum Field,P,N,297588.0,315293.0,-0.0562,,
149.0,SO,NC,AVL,Asheville,Asheville Regional,P,N,293789.0,282306.0,0.0407,,
150.0,WP,AZ,IWA,Mesa,Phoenix-Mesa Gateway,P,N,289770.0,190281.0,0.5229,,
151.0,NM,OR,MFR,Medford,Rogue Valley International - Medford,P,N,287558.0,287688.0,-0.0005,,
152.0,NM,WY,JAC,Jackson,Jackson Hole,P,N,284397.0,305566.0,-0.0693,,
153.0,NM,MT,MSO,Missoula,Missoula International,P,N,281428.0,288071.0,-0.0231,,
154.0,SO,AL,MOB,Mobile,Mobile Regional,P,N,280491.0,286956.0,-0.0225,,
155.0,GL,WI,ATW,Appleton,Outagamie County Regional,P,N,271997.0,259340.0,0.0488,,
156.0,GL,SD,RAP,Rapid City,Rapid City Regional,P,N,266467.0,273151.0,-0.0245,,
157.0,GL,IN,FWA,Fort Wayne,Fort Wayne International,P,N,259315.0,282449.0,-0.0819,,
158.0,NM,WA,PSC,Pasco,Tri-Cities,P,N,258546.0,242483.0,0.0662,,
159.0,GL,IL,BMI,Bloomington/Normal,Central IL Regional Airport at Bloomington-Normal,P,N,243448.0,262846.0,-0.0738,,
160.0,SW,LA,SHV,Shreveport,Shreveport Regional,P,N,242919.0,283624.0,-0.1435,,
161.0,GL,IL,PIA,Peoria,General Downing - Peoria International,P,N,242142.0,278426.0,-0.1303,,
162.0,EA,WV,CRW,Charleston,Yeager,P,N,238190.0,243793.0,-0.023,,
163.0,SO,FL,EYW,Key West,Key West International,P,N,234322.0,231339.0,0.0129,,
164.0,SW,TX,GRK,Killeen,Robert Gray AAF,P,N,231500.0,232299.0,-0.0034,,
165.0,SO,NC,FAY,Fayetteville,Fayetteville Regional/Grannis Field,P,N,231002.0,202597.0,0.1402,,
166.0,NM,CO,GJT,Grand Junction,Grand Junction Regional,P,N,228850.0,212588.0,0.0765,,
167.0,SO,PR,BQN,Aguadilla,Rafael Hernandez,P,N,225924.0,240270.0,-0.0597,,
168.0,NM,OR,RDM,Redmond,Roberts Field,P,N,221463.0,235192.0,-0.0584,,
169.0,SO,TN,TRI,Bristol/Johnson/Kingsport,Tri-Cities Regional TN/VA,P,N,217783.0,202730.0,0.0743,,
170.0,NM,CO,ASE,Aspen,Aspen-Pitkin County/Sardy Field,P,N,216868.0,213381.0,0.0163,,
171.0,SW,LA,LFT,Lafayette,Lafayette Regional,P,N,205913.0,210020.0,-0.0196,,
172.0,NE,MA,ACK,Nantucket,Nantucket Memorial,P,N,204981.0,258214.0,-0.2062,,
173.0,EA,PA,AVP,Avoca,Wilkes-Barre/Scranton International,P,N,204244.0,219745.0,-0.0705,,
174.0,SO,FL,DAB,Daytona Beach,Daytona Beach International,P,N,202417.0,282784.0,-0.2842,,
175.0,SO,GA,AGS,Augusta,Augusta Regional at Bush Field,P,N,198489.0,176097.0,0.1272,,
176.0,EA,NY,SWF,Newburgh,Stewart International,P,N,197655.0,392464.0,-0.4964,,
177.0,WP,NV,BVU,Boulder City,Boulder City Municipal,P,N,194838.0,300553.0,-0.3517,,
178.0,WP,CA,MRY,Monterey,Monterey Peninsula,P,N,191585.0,207964.0,-0.0788,,
179.0,GL,ND,BIS,Bismarck,Bismarck Municipal,P,N,184103.0,178005.0,0.0343,,
180.0,NM,CO,EGE,Eagle,Eagle County Regional,P,N,181666.0,212832.0,-0.1464,,
181.0,EA,VA,CHO,Charlottesville,Charlottesville-Albemarle,P,N,180462.0,169843.0,0.0625,,
182.0,GL,MI,TVC,Traverse City,Cherry Capital,P,N,175692.0,183357.0,-0.0418,,
183.0,SO,VI,STX,Christiansted,Henry E Rohlsen,P,N,173373.0,169665.0,0.0219,,
184.0,SO,AL,MGM,Montgomery,Montgomery Regional (Dannelly Field),P,N,163864.0,169956.0,-0.0358,,
185.0,NM,MT,GPI,Kalispell,Glacier Park International,P,N,160193.0,186450.0,-0.1408,,
186.0,SW,LA,AEX,Alexandria,Alexandria International,P,N,154736.0,142223.0,0.088,,
187.0,GL,IN,EVV,Evansville,Evansville Regional,P,N,153993.0,193349.0,-0.2035,,
188.0,SO,FL,PFN,Panama City,Panama City-Bay County International,P,N,150401.0,161236.0,-0.0672,,
189.0,NM,CO,DRO,Durango,Durango-La Plata County,P,N,148077.0,134386.0,0.1019,,
190.0,NM,MT,GTF,Great Falls,Great Falls International,P,N,146438.0,143811.0,0.0183,,
191.0,GL,WI,CWA,Mosinee,Central Wisconsin,P,N,144961.0,154312.0,-0.0606,,
192.0,GL,MI,MBS,Saginaw,MBS International,P,N,144938.0,162703.0,-0.1092,,
193.0,CE,NE,LNK,Lincoln,Lincoln,P,N,142507.0,163177.0,-0.1267,,
194.0,GL,MI,LAN,Clinton (Township of),Capital Region International,P,N,139113.0,217437.0,-0.3602,,
195.0,NM,ID,IDA,Idaho Falls,Idaho Falls Regional,P,N,138957.0,148584.0,-0.0648,,
196.0,NE,MA,HYA,Hyannis,Barnstable Municipal-Boardman/Polando Field,P,N,138858.0,191906.0,-0.2764,,
197.0,AL,AK,BET,Bethel,Bethel,P,N,134848.0,140291.0,-0.0388,,
198.0,GL,MI,AZO,Kalamazoo,Kalamazoo/Battle Creek International,P,N,130769.0,168687.0,-0.2248,,
199.0,EA,PA,UNV,State College,University Park,P,N,130527.0,133777.0,-0.0243,,
200.0,SO,FL,GNV,Gainesville,Gainesville Regional,P,N,130166.0,136623.0,-0.0473,,
201.0,GL,MN,RST,Rochester,Rochester International,P,N,128543.0,151250.0,-0.1501,,
202.0,GL,MN,DLH,Duluth,Duluth International,P,N,125451.0,147793.0,-0.1512,,
203.0,NM,CO,HDN,Hayden,Yampa Valley,P,N,122480.0,136600.0,-0.1034,,
204.0,EA,PA,ERI,Erie,Erie International/Tom Ridge Field,P,N,121164.0,124667.0,-0.0281,,
205.0,SO,NC,OAJ,Jacksonville,Albert J Ellis,P,N,119961.0,126947.0,-0.055,,
206.0,WP,CA,SBP,San Luis Obispo,San Luis County Regional,P,N,118282.0,150089.0,-0.2119,,
207.0,EA,NY,ELM,Elmira/Corning,Elmira/Corning Regional,P,N,114519.0,104508.0,0.0958,,
208.0,SO,NC,EWN,New Bern,Coastal Carolina Regional,P,N,112881.0,111184.0,0.0153,,
209.0,SO,FL,MLB,Melbourne,Melbourne International,P,N,110510.0,145117.0,-0.2385,,
210.0,EA,NY,ITH,Ithaca,Ithaca Tompkins Regional,P,N,109991.0,91866.0,0.1973,,
211.0,WP,AZ,IFP,Bullhead City,Laughlin/Bullhead International,P,N,107595.0,122192.0,-0.1195,,
212.0,GL,WI,LSE,La Crosse,La Crosse Municipal,P,N,104537.0,111462.0,-0.0621,,
213.0,EA,WV,HTS,Huntington,Tri-State/Milton J. Ferguson Field,P,N,103972.0,83531.0,0.2447,,
214.0,WP,CA,BFL,Bakersfield,Meadows Field,P,N,103067.0,141847.0,-0.2734,,
215.0,WP,CA,ACV,Arcata,Arcata,P,N,102440.0,106637.0,-0.0394,,
216.0,SW,TX,LRD,Laredo,Laredo International,P,N,101252.0,106682.0,-0.0509,,
217.0,EA,NY,BGM,Binghamton,Greater Binghamton/Edwin A Link Field,P,N,98090.0,108325.0,-0.0945,,
218.0,GL,ND,GFK,Grand Forks,Grand Forks International,P,N,97361.0,88093.0,0.1052,,
219.0,AL,AK,KTN,Ketchikan,Ketchikan International,P,N,96996.0,108837.0,-0.1088,,
220.0,GL,IL,RFD,Rockford,Chicago/Rockford International,P,N,96812.0,110151.0,-0.1211,,
221.0,GL,OH,TOL,Toledo,Toledo Express,P,N,93669.0,129553.0,-0.277,,
222.0,NM,CO,MTJ,Montrose,Montrose Regional,P,N,92195.0,85868.0,0.0737,,
223.0,WP,CA,STS,Santa Rosa,Charles M. Schulz - Sonoma County,P,N,91241.0,100676.0,-0.0937,,
224.0,SO,PR,PSE,Ponce,Mercedita,P,N,90267.0,110159.0,-0.1806,,
225.0,NM,MT,HLN,Helena,Helena Regional,P,N,88314.0,85649.0,0.0311,,
226.0,GL,IL,CMI,Savoy,University of Illinois-Willard,P,N,88068.0,98225.0,-0.1034,,
227.0,EA,VA,LYH,Timberlake,Lynchburg Regional/Preston Glenn Field,P,N,86366.0,55307.0,0.5616,,
228.0,SW,LA,MLU,Monroe,Monroe Regional,P,N,85314.0,88229.0,-0.033,,
229.0,AL,AK,ENA,Kenai,Kenai Municipal,P,N,82184.0,96565.0,-0.1489,,
230.0,SW,TX,ABI,Abilene,Abilene Regional,P,N,81172.0,87682.0,-0.0742,,
231.0,SW,TX,BRO,Brownsville,Brownsville/South Padre Island International,P,N,80350.0,82723.0,-0.0287,,
232.0,AL,AK,ADQ,Kodiak,Kodiak,P,N,78375.0,82057.0,-0.0449,,
233.0,WP,AZ,NYL,Yuma,Yuma MCAS/Yuma International,P,N,78345.0,87812.0,-0.1078,,
234.0,SO,SC,FLO,Florence,Florence Regional,P,N,77146.0,64835.0,0.1899,,
235.0,SW,AR,FSM,Fort Smith,Fort Smith Regional,P,N,76401.0,85095.0,-0.1022,,
236.0,NM,WY,CPR,Casper,Casper/Natrona County International,P,N,73969.0,74167.0,-0.0027,,
237.0,SW,TX,TYR,Tyler,Tyler Pounds Regional,P,N,73841.0,76168.0,-0.0306,,
238.0,SW,TX,CLL,College Station,Easterwood Field,P,N,73287.0,80948.0,-0.0946,,
239.0,EA,NY,PBG,Plattsburgh,Plattsburgh International,P,N,73159.0,45998.0,0.5905,,
240.0,SW,OK,LAW,Lawton,Lawton-Fort Sill Regional,P,N,71389.0,77533.0,-0.0792,,
241.0,GL,ND,MOT,Minot,Minot International,P,N,67080.0,71595.0,-0.0631,,
242.0,SO,SC,HXD,Hilton Head Island,Hilton Head,P,N,66893.0,79912.0,-0.1629,,
243.0,WP,AZ,FLG,Flagstaff,Flagstaff Pulliam,P,N,66627.0,51765.0,0.2871,,
244.0,SW,TX,ACT,Waco,Waco Regional,P,N,66089.0,68381.0,-0.0335,,
245.0,WP,HI,MKK,Kaunakakai,Molokai,P,N,65984.0,89468.0,-0.2625,,
246.0,SO,FL,PGD,Punta Gorda,Charlotte County,P,N,64650.0,53073.0,0.2181,,
248.0,WP,AZ,1G4,Peach Springs,Grand Canyon West,P,N,62592.0,65351.0,-0.0422,,
249.0,AL,AK,SIT,Sitka,Sitka Rocky Gutierrez,P,N,62498.0,68197.0,-0.0836,,
250.0,NM,ID,LWS,Lewiston,Lewiston-Nez Perce County,P,N,62210.0,64379.0,-0.0337,,
251.0,SW,TX,SJT,San Angelo,San Angelo Regional/Mathis Field,P,N,60353.0,64865.0,-0.0696,,
252.0,NM,WA,YKM,Yakima,Yakima Air Terminal/McAllister Field,P,N,60028.0,69835.0,-0.1404,,
253.0,EA,MD,SBY,Salisbury,Salisbury-Ocean City Wicomico Regional,P,N,59662.0,58863.0,0.0136,,
254.0,SO,NC,PGV,Greenville,Pitt-Greenville,P,N,59007.0,52287.0,0.1285,,
255.0,GL,IL,SPI,Springfield,Abraham Lincoln Capital,P,N,58197.0,56771.0,0.0251,,
256.0,AL,AK,OTZ,Kotzebue,Ralph Wien Memorial,P,N,57472.0,66322.0,-0.1334,,
257.0,SW,LA,LCH,Lake Charles,Lake Charles Regional,P,N,55174.0,50984.0,0.0822,,
258.0,AL,AK,OME,Nome,Nome,P,N,54994.0,59984.0,-0.0832,,
259.0,WP,CA,RDD,Redding,Redding Municipal,P,N,54141.0,63331.0,-0.1451,,
260.0,GL,MI,SAW,Gwinn,Sawyer International,P,N,53802.0,56172.0,-0.0422,,
263.0,NM,WA,EAT,East Wenatchee,Pangborn Memorial,P,N,51561.0,48275.0,0.0681,,
265.0,NM,ID,SUN,Hailey,Friedman Memorial,P,N,49549.0,64233.0,-0.2286,,
266.0,SO,GA,CSG,Columbus,Columbus Metropolitan,P,N,48526.0,51288.0,-0.0539,,
267.0,SW,TX,SPS,Wichita Falls,Sheppard AFB/Wichita Falls Municipal,P,N,43952.0,47191.0,-0.0686,,
268.0,WP,CA,SMX,Santa Maria,Santa Maria Public/Capt G Allan Hancock Field,P,N,43631.0,54925.0,-0.2056,,
269.0,WP,AS,PPG,Pago Pago,Pago Pago International,P,N,43399.0,42929.0,0.0109,,
272.0,WP,HI,LNY,Lanai City,Lanai,P,N,42594.0,52075.0,-0.1821,,
274.0,NE,MA,MVY,Vineyard Haven,Marthas Vineyard,P,N,42248.0,45002.0,-0.0612,,
276.0,NM,CO,GUC,Gunnison,Gunnison-Crested Butte Regional,P,N,42130.0,36035.0,0.1691,,
277.0,SO,AL,DHN,Dothan,Dothan Regional,P,N,42071.0,47859.0,-0.1209,,
278.0,SO,GA,VLD,Valdosta,Valdosta Regional,P,N,41516.0,38269.0,0.0848,,
279.0,AL,AK,AKN,King Salmon,King Salmon,P,N,40530.0,42310.0,-0.0421,,
281.0,AL,AK,BRW,Barrow,Wiley Post-Will Rogers Memorial,P,N,39494.0,40674.0,-0.029,,
282.0,CE,IA,DBQ,Dubuque,Dubuque Regional,P,N,39359.0,42870.0,-0.0819,,
283.0,NM,UT,SGU,St. George,St George Municipal,P,N,39037.0,46586.0,-0.162,,
284.0,AL,AK,HOM,Homer,Homer,P,N,38532.0,44288.0,-0.13,,
285.0,SW,NM,ROW,Roswell,Roswell International Air Center,P,N,38391.0,34712.0,0.106,,
286.0,SO,MS,GTR,Columbus,Golden Triangle Regional,P,N,36275.0,35669.0,0.017,,
288.0,NM,WA,BFI,Seattle,Boeing Field/King County International,P,N,35863.0,34597.0,0.0366,,
289.0,NM,WA,ALW,Walla Walla,Walla Walla Regional,P,N,33456.0,29672.0,0.1275,,
292.0,CE,IA,SUX,Sioux City,Sioux Gateway/Col. Bud Day Field,P,N,33096.0,49871.0,-0.3364,,
293.0,SO,GA,ABY,Albany,Southwest Georgia Regional,P,N,33044.0,39200.0,-0.157,,
294.0,NE,CT,HVN,New Haven,Tweed-New Haven,P,N,33000.0,33988.0,-0.0291,,
295.0,NM,WA,PUW,Pullman,Pullman/Moscow Regional,P,N,32443.0,32108.0,0.0104,,
296.0,AL,AK,SCC,Deadhorse,Deadhorse,P,N,31395.0,99719.0,-0.6852,,
297.0,NM,CO,FNL,Fort Collins/Loveland,Fort Collins-Loveland Municipal,P,N,31079.0,31094.0,-0.0005,,
298.0,WP,AZ,PGA,Page,Page Municipal,P,N,30574.0,33118.0,-0.0768,,
299.0,AL,AK,DLG,Dillingham,Dillingham,P,N,29214.0,32215.0,-0.0932,,
302.0,WP,CA,SCK,Stockton,Stockton Metropolitan,P,N,28368.0,36935.0,-0.2319,,
303.0,SO,GA,BQK,Brunswick,Brunswick Golden Isles,P,N,27901.0,29594.0,-0.0572,,
305.0,NM,ID,TWF,Twin Falls,Joslin Field - Magic Valley Regional,P,N,26991.0,29606.0,-0.0883,,
306.0,NM,WY,GCC,Gillette,Gillette-Campbell County,P,N,26869.0,28232.0,-0.0483,,
307.0,CE,MO,COU,Columbia,Columbia Regional,P,N,26842.0,12719.0,1.1104,,
308.0,SW,AR,TXK,Texarkana,Texarkana Regional-Webb Field,P,N,26759.0,29820.0,-0.1026,,
309.0,GL,WI,RHI,Rhinelander,Rhinelander-Oneida County,P,N,26729.0,26193.0,0.0205,,
310.0,AL,AK,DUT,Unalaska,Unalaska,P,N,26705.0,28234.0,-0.0542,,
311.0,NM,WY,COD,Cody,Yellowstone Regional,P,N,26631.0,25863.0,0.0297,,
312.0,WP,NV,VGT,Las Vegas,North Las Vegas,P,N,26526.0,67389.0,-0.6064,,
314.0,WP,MP,GRO,Rota Island,Rota International,P,N,26040.0,27776.0,-0.0625,,
315.0,WP,CA,MOD,Modesto,Modesto City County-Harry Sham Field,P,N,25277.0,37082.0,-0.3183,,
316.0,NM,MT,BTM,Butte,Bert Mooney,P,N,25178.0,30431.0,-0.1726,,
317.0,WP,CA,CRQ,Carlsbad,McClellan-Palomar,P,N,25160.0,35033.0,-0.2818,,
318.0,CE,KS,MHK,Manhattan,Manhattan Regional,P,N,25074.0,16489.0,0.5207,,
319.0,SW,TX,GGG,Longview,East Texas Regional,P,N,24944.0,24835.0,0.0044,,
320.0,GL,MI,CMX,Hancock,Houghton County Memorial,P,N,24826.0,25354.0,-0.0208,,
322.0,GL,MI,PLN,Pellston,Pellston Regional Airport of Emmet County,P,N,23913.0,26222.0,-0.0881,,
323.0,WP,CA,CIC,Chico,Chico Municipal,P,N,23232.0,24809.0,-0.0636,,
324.0,SO,PR,SIG,San Juan,Fernando Luis Ribas Dominicci,P,N,23083.0,13837.0,0.6682,,
325.0,NM,OR,OTH,North Bend,Southwest Oregon Regional,P,N,22395.0,35458.0,-0.3684,,
326.0,CE,IA,ALO,Waterloo,Waterloo Regional,P,N,22255.0,26831.0,-0.1705,,
327.0,GL,MN,BJI,Bemidji,Bemidji Regional,P,N,21934.0,22007.0,-0.0033,,
328.0,SW,TX,BPT,Beaumont/Port Arthur,Jack Brooks Regional,P,N,21208.0,28086.0,-0.2449,,
329.0,GL,SD,ABR,Aberdeen,Aberdeen Regional,P,N,21100.0,23225.0,-0.0915,,
330.0,NM,ID,PIH,Arbon Valley,Pocatello Regional,P,N,21039.0,25756.0,-0.1831,,
331.0,SO,PR,VQS,Isla De Vieques,Antonio Rivera Rodriguez,P,N,20759.0,21517.0,-0.0352,,
332.0,WP,NV,EKO,Elko,Elko Regional,P,N,20668.0,25523.0,-0.1902,,
334.0,WP,MP,TNI,Tinian (Municipality),Tinian International,P,N,20291.0,24806.0,-0.182,,
336.0,CE,NE,GRI,Grand Island,Central Nebraska Regional,P,N,20136.0,7961.0,1.5293,,
337.0,NM,OR,LMT,Klamath Falls,Klamath Falls,P,N,20053.0,26970.0,-0.2565,,
338.0,EA,PA,IPT,Williamsport,Williamsport Regional,P,N,19834.0,23901.0,-0.1702,,
339.0,NM,WY,RKS,Rock Springs,Rock Springs-Sweetwater County,P,N,19458.0,25541.0,-0.2382,,
340.0,SO,MS,MEI,Meridian,Key Field,P,N,18560.0,19599.0,-0.053,,
341.0,SO,KY,PAH,Paducah,Barkley Regional,P,N,18542.0,21654.0,-0.1437,,
342.0,AL,AK,PSG,Petersburg,Petersburg James A Johnson,P,N,17988.0,19901.0,-0.0961,,
344.0,GL,OH,YNG,Youngstown,Youngstown-Warren Regional,P,N,17391.0,17837.0,-0.025,,
348.0,AL,AK,ANI,Aniak,Aniak,P,N,16255.0,18526.0,-0.1226,,
349.0,GL,MI,MKG,Muskegon,Muskegon County,P,N,15886.0,30051.0,-0.4714,,
350.0,GL,MN,INL,International Falls,Falls International,P,N,15861.0,16590.0,-0.0439,,
351.0,EA,PA,LBE,Latrobe,Arnold Palmer Regional,P,N,15482.0,18946.0,-0.1828,,
352.0,GL,MN,BRD,Brainerd,Brainerd Lakes Regional,P,N,15472.0,16665.0,-0.0716,,
353.0,GL,MI,CVX,Charlevoix,Charlevoix Municipal,P,N,15427.0,17854.0,-0.1359,,
354.0,AL,AK,CDV,Cordova,Merle K (Mudhole) Smith,P,N,15372.0,16640.0,-0.0762,,
355.0,AL,AK,LHD,Anchorage,Lake Hood,P,N,15018.0,15184.0,-0.0109,,
356.0,AL,AK,MRI,Anchorage,Merrill Field,P,N,14769.0,15206.0,-0.0287, ,
357.0,NE,ME,RKD,Rockland,Knox County Regional,P,N,14461.0,13866.0,0.0429,,
358.0,AL,AK,VDZ,Valdez,Valdez Pioneer Field,P,N,14363.0,14981.0,-0.0413,,
359.0,GL,MN,STC,St. Cloud,St. Cloud Regional,P,N,14294.0,20161.0,-0.291,,
360.0,NM,WY,RIW,Riverton,Riverton Regional,P,N,14186.0,17035.0,-0.1672,,
362.0,NM,WY,SHR,Sheridan,Sheridan County,P,N,14181.0,17710.0,-0.1993,,
363.0,GL,SD,PIR,Pierre,Pierre Regional,P,N,13692.0,15983.0,-0.1433,,
364.0,AL,AK,MBA,Manokotak,Manokotak,P,N,13570.0,13393.0,0.0132,,
365.0,NE,ME,PQI,Presque Isle,Northern Maine Regional Airport at Presque Isle,P,N,13513.0,13385.0,0.0096,,
366.0,SW,TX,DRT,Del Rio,Del Rio International,P,N,13436.0,16028.0,-0.1617,,
367.0,EA,MD,HGR,Hagerstown,Hagerstown Regional-Richard A Henson Field,P,N,13365.0,1696.0,6.8803,,
368.0,NM,WA,CLM,Port Angeles,William R Fairchild International,P,N,13340.0,12672.0,0.0527,,
369.0,SO,MS,TUP,Tupelo,Tupelo Regional,P,N,13319.0,15985.0,-0.1668,,
370.0,GL,WI,EAU,Eau Claire,Chippewa Valley Regional,P,N,13192.0,18762.0,-0.2969,,
371.0,GL,MI,CIU,Sault Ste. Marie,Chippewa County International,P,N,13173.0,13269.0,-0.0072,,
372.0,SO,MS,PIB,Moselle,Hattiesburg-Laurel Regional,P,N,12972.0,12576.0,0.0315,,
373.0,NM,WA,FHR,Friday Harbor,Friday Harbor,P,N,12940.0,13835.0,-0.0647,,
374.0,NM,WY,CYS,Cheyenne,Cheyenne Regional/Jerry Olson Field,P,N,12608.0,16697.0,-0.2449,,
375.0,AL,AK,YAK,Yakutat,Yakutat,P,N,12158.0,11028.0,0.1025,,
378.0,WP,CA,OXR,Oxnard,Oxnard,P,N,12060.0,15961.0,-0.2444,,
379.0,EA,WV,MGW,Morgantown,Morgantown Municipal-Walter L. Bill Hart Field,P,N,11727.0,10630.0,0.1032,,
380.0,NE,MA,EWB,New Bedford,New Bedford Regional,P,N,11680.0,13908.0,-0.1602,,
381.0,WP,AZ,PRC,Prescott,Ernest A. Love Field,P,N,11668.0,5816.0,1.0062,,
382.0,WP,CA,CEC,Crescent City,Jack McNamara Field,P,N,11490.0,12541.0,-0.0838,,
383.0,GL,ND,ISN,Williston,Sloulin Field International,P,N,11338.0,12163.0,-0.0678,,
384.0,WP,CA,IYK,Inyokern,Inyokern,P,N,11081.0,11149.0,-0.0061,,
385.0,CE,IA,MCW,Mason City,Mason City Municipal,P,N,11076.0,11678.0,-0.0515,,
386.0,SW,NM,FMN,Farmington,Four Corners Regional,P,N,10854.0,17044.0,-0.3632,,
387.0,AL,AK,WRG,Wrangell,Wrangell,P,N,10790.0,10601.0,0.0178,,
388.0,NE,MA,PVC,Provincetown,Provincetown Municipal,P,N,10747.0,11468.0,-0.0629,,
389.0,SO,KY,OWB,Owensboro,Owensboro-Daviess County,P,N,10720.0,103.0,103.0777,,
391.0,AL,AK,UNK,Unalakleet,Unalakleet,P,N,10571.0,12327.0,-0.1425,,
392.0,EA,WV,CKB,Clarksburg,North Central West Virginia,P,N,10234.0,10344.0,-0.0106,,
393.0,CE,NE,EAR,Kearney,Kearney Regional,P,N,10113.0,11956.0,-0.1541,,
394.0,NE,ME,BHB,Bar Harbor,Hancock County-Bar Harbor,P,N,10100.0,10562.0,-0.0437,,
395.0,CE,KS,GCK,Garden City,Garden City Regional,P,N,10014.0,11453.0,-0.1256,,
,,,231.0,,,,N , ,,,,
,,,368.0,Primary Airports,,, ,,,,,
396.0,AL,AK,ENM,Emmonak,Emmonak,CS,--,9872.0,9097.0,0.0852,,
397.0,SW,NM,SAF,Santa Fe,Santa Fe Municipal,CS,--,9767.0,355.0,26.5127,,
399.0,CE,NE,BFF,Scottsbluff,Western Nebraska Regional/William B. Heilig Field,CS,--,9221.0,10608.0,-0.1308,,
400.0,AL,AK,CDB,Cold Bay,Cold Bay,CS,--,8968.0,9105.0,-0.015,,
401.0,GL,MN,HIB,Hibbing,Range Regional,CS,--,8926.0,8896.0,0.0034,,
402.0,GL,ND,DIK,Dickinson,Dickinson - Theodore Roosevelt Regional,CS,--,8924.0,9164.0,-0.0262,,
403.0,AL,AK,GST,Gustavus,Gustavus,CS,--,8822.0,11828.0,-0.2541,,
404.0,NE,RI,WST,Westerly,Westerly State,CS,--,8804.0,11201.0,-0.214,,
405.0,NM,WY,LAR,Laramie,Laramie Regional,CS,--,8663.0,10371.0,-0.1647,,
406.0,NE,RI,BID,Block Island,Block Island State,CS,--,8516.0,10384.0,-0.1799,,
407.0,EA,VA,SHD,Weyers Cave,Shenandoah Valley Regional,CS,--,8364.0,7746.0,0.0798,,
408.0,EA,PA,JST,Johnstown,John Murtha Johnstown-Cambria County,CS,--,7956.0,7634.0,0.0422,,
409.0,CE,NE,LBF,North Platte,North Platte Regional Airport Lee Bird Field,CS,--,7924.0,10288.0,-0.2298,,
410.0,AL,AK,FYU,Fort Yukon,Fort Yukon,CS,--,7738.0,8298.0,-0.0675,,
411.0,NM,CO,CEZ,Cortez,Cortez Municipal,CS,--,7698.0,8401.0,-0.0837,,
412.0,AL,AK,HNH,Hoonah,Hoonah,CS,--,7651.0,7680.0,-0.0038,,
413.0,GL,MI,APN,Alpena,Alpena County Regional,CS,--,7637.0,7519.0,0.0157,,
414.0,CE,KS,HYS,Hays,Hays Regional,CS,--,7518.0,8540.0,-0.1197,,
416.0,AL,AK,GAL,Galena,Edward G. Pitka Sr,CS,--,7447.0,7784.0,-0.0433,,
418.0,AL,AK,KSM,St Mary's,St Mary's,CS,--,7213.0,9808.0,-0.2646,,
419.0,AL,AK,HNS,Haines,Haines,CS,--,7099.0,7035.0,0.0091,,
422.0,GL,MI,ESC,Escanaba,Delta County,CS,--,6925.0,5307.0,0.3049,,
423.0,SO,AL,MSL,Muscle Shoals,Northwest Alabama Regional,CS,--,6897.0,5061.0,0.3628,,
424.0,NM,CO,TEX,Telluride,Telluride Regional,CS,--,6740.0,13325.0,-0.4942,,
426.0,AL,AK,T44,Kodiak,Trident Basin,CS,--,6634.0,11218.0,-0.4086,,
428.0,AL,AK,SGY,Skagway,Skagway,CS,--,6468.0,10727.0,-0.397,,
429.0,EA,PA,AOO,Altoona,Altoona-Blair County,CS,--,6439.0,11051.0,-0.4173,,
430.0,GL,OH,LCK,Columbus,Rickenbacker International,CS,--,6415.0,11706.0,-0.452,,
431.0,AL,AK,AQH,Quinhagak,Quinhagak,CS,--,6387.0,6950.0,-0.081,,
433.0,AL,AK,ILI,Iliamna,Iliamna,CS,--,6328.0,9545.0,-0.337,,
434.0,SO,MS,GLH,Greenville,Mid Delta Regional,CS,--,6290.0,6310.0,-0.0032,,
435.0,NM,CO,ALS,Alamosa,San Luis Valley Regional/Bergman Field,CS,--,6279.0,7161.0,-0.1232,,
436.0,AL,AK,SOV,Seldovia,Seldovia,CS,--,6270.0,7696.0,-0.1853,,
437.0,CE,KS,LBL,Liberal,Liberal Mid-America Regional,CS,--,6255.0,7911.0,-0.2093,,
438.0,WP,CA,MMH,Mammoth Lakes,Mammoth Yosemite,CS,--,6157.0,665.0,8.2586,,
439.0,NE,NH,LEB,Lebanon,Lebanon Municipal,CS,--,6089.0,8294.0,-0.2659,,
440.0,EA,WV,PKB,Parkersburg,Mid-Ohio Valley Regional,CS,--,5930.0,5275.0,0.1242,,
441.0,GL,SD,ATY,Watertown,Watertown Regional,CS,--,5824.0,4975.0,0.1707,,
442.0,WP,CA,IPL,Imperial,Imperial County,CS,--,5641.0,7061.0,-0.2011,,
443.0,SW,TX,VCT,Victoria,Victoria Regional,CS,--,5625.0,8415.0,-0.3316,,
445.0,AL,AK,HPB,Hooper Bay,Hooper Bay,CS,--,5521.0,6002.0,-0.0801,,
446.0,AL,AK,VAK,Chevak,Chevak,CS,--,5507.0,4741.0,0.1616,,
448.0,NM,UT,CDC,Cedar City,Cedar City Regional,CS,--,5486.0,7776.0,-0.2945,,
449.0,GL,MI,IMT,Iron Mountain,Ford,CS,--,5475.0,3998.0,0.3694,,
450.0,CE,IA,FOD,Fort Dodge,Fort Dodge Regional,CS,--,5378.0,6219.0,-0.1352,,
451.0,SO,GA,AHN,Athens,Athens/Ben Epps,CS,--,5335.0,3449.0,0.5468,,
452.0,NM,CO,PUB,Pueblo,Pueblo Memorial,CS,--,5192.0,4345.0,0.1949,,
453.0,AL,AK,IIK,Kipnuk,Kipnuk,CS,--,5133.0,4924.0,0.0424,,
454.0,EA,PA,DUJ,Brookville,Dubois Regional,CS,--,5096.0,3230.0,0.5777,,
455.0,AL,AK,D76,Noorvik,Robert /Bob/ Curtis Memorial,CS,--,4985.0,6055.0,-0.1767,,
456.0,AL,AK,MCG,McGrath,McGrath,CS,--,4893.0,5278.0,-0.0729,,
457.0,CE,MO,TBN,Fort Leonard Wood (U.S. Army),Waynesville-St. Robert Regional Forney Field,CS,--,4869.0,4784.0,0.0178,,
459.0,EA,NY,SLK,Saranac Lake,Adirondack Regional,CS,--,4809.0,4252.0,0.131,,
460.0,AL,AK,WLK,Selawik,Selawik,CS,--,4679.0,5920.0,-0.2096,,
461.0,EA,WV,LWB,Lewisburg,Greenbrier Valley,CS,--,4651.0,7153.0,-0.3498,,
462.0,AL,AK,PHO,Point Hope,Point Hope,CS,--,4644.0,5236.0,-0.1131,,
463.0,AL,AK,CGA,Craig,Craig,CS,--,4470.0,5844.0,-0.2351,,
464.0,WP,AZ,SOW,Show Low,Show Low Regional,CS,--,4470.0,5325.0,-0.1606,,
465.0,NE,VT,RUT,Rutland,Rutland - Southern Vermont Regional,CS,--,4458.0,5038.0,-0.1151,,
466.0,AL,AK,OOK,Toksook Bay,Toksook Bay,CS,--,4410.0,4103.0,0.0748,,
467.0,SO,PR,MAZ,Mayaguez,Eugenio Maria De Hostos,CS,--,4386.0,4636.0,-0.0539,,
468.0,AL,AK,WTK,Noatak,Noatak,CS,--,4383.0,5536.0,-0.2083,,
469.0,AL,AK,MOU,Mountain Village,Mountain Village,CS,--,4373.0,5100.0,-0.1425,,
470.0,EA,PA,LNS,Lititz,Lancaster,CS,--,4333.0,1673.0,1.59,,
471.0,NM,MT,WYS,West Yellowstone,Yellowstone,CS,--,4331.0,4186.0,0.0346,,
473.0,AL,AK,DUY,Kongiganak,Kongiganak,CS,--,4143.0,3835.0,0.0803,,
474.0,AL,AK,SVA,Savoonga,Savoonga,CS,--,4088.0,4156.0,-0.0164,,
475.0,GL,ND,DVL,Devils Lake,Devils Lake Regional,CS,--,3984.0,3216.0,0.2388,,
476.0,NM,UT,CNY,Moab,Canyonlands Field,CS,--,3982.0,2870.0,0.3875,,
477.0,AL,AK,Z09,Kasigluk,Kasigluk,CS,--,3969.0,3871.0,0.0253,,
478.0,AL,AK,SDP,Sand Point,Sand Point,CS,--,3957.0,4296.0,-0.0789,,
481.0,AL,AK,SCM,Scammon Bay,Scammon Bay,CS,--,3925.0,3861.0,0.0166,,
483.0,AL,AK,AKP,Anaktuvuk Pass,Anaktuvuk Pass,CS,--,3856.0,3832.0,0.0063,,
484.0,NM,OR,PDT,Pendleton,Eastern Oregon Regional at Pendleton,CS,--,3828.0,7217.0,-0.4696,,
485.0,NM,UT,VEL,Vernal,Vernal Regional,CS,--,3805.0,5474.0,-0.3049,,
486.0,CE,MO,JLN,Joplin,Joplin Regional,CS,--,3776.0,4892.0,-0.2281,,
487.0,AL,AK,AWI,Wainwright,Wainwright,CS,--,3770.0,3547.0,0.0629,,
488.0,NE,ME,AUG,Augusta,Augusta State,CS,--,3663.0,3554.0,0.0307,,
489.0,AL,AK,KEB,English Bay,Nanwalek,CS,--,3566.0,3533.0,0.0093,,
490.0,EA,NY,JHW,Jamestown,Chautauqua County/Jamestown,CS,--,3560.0,4415.0,-0.1937,,
491.0,AL,AK,GAM,Gambell,Gambell,CS,--,3489.0,3793.0,-0.0801,,
492.0,GL,ND,JMS,Jamestown,Jamestown Regional,CS,--,3471.0,2769.0,0.2535,,
493.0,NM,WA,ORS,Eastsound,Orcas Island,CS,--,3421.0,4109.0,-0.1674,,
494.0,SW,NM,CNM,Carlsbad,Cavern City Air Terminal,CS,--,3417.0,2207.0,0.5483,,
495.0,AL,AK,MTM,Metlakatla,Metlakatla,CS,--,3403.0,3344.0,0.0176,,
496.0,GL,IL,MWA,Marion,Williamson County Regional,CS,--,3399.0,3631.0,-0.0639,,
497.0,AL,AK,KVL,Kivalina,Kivalina,CS,--,3386.0,3784.0,-0.1052,,
498.0,AL,AK,2A9,Kotlik,Kotlik,CS,--,3377.0,4237.0,-0.203,,
499.0,CE,KS,DDC,Dodge City,Dodge City Regional,CS,--,3373.0,4701.0,-0.2825,,
501.0,AL,AK,SHH,Shishmaref,Shishmaref,CS,--,3369.0,3476.0,-0.0308,,
502.0,AL,AK,HLA,Huslia,Huslia,CS,--,3324.0,3331.0,-0.0021,,
503.0,AL,AK,A61,Tuntutuliak,Tuntutuliak,CS,--,3309.0,3359.0,-0.0149,,
504.0,AL,AK,AUK,Alakanuk,Alakanuk,CS,--,3302.0,4015.0,-0.1776,,
505.0,AL,AK,TAL,Tanana,Ralph M Calhoun Memorial,CS,--,3298.0,3549.0,-0.0707,,
506.0,EA,NY,MSS,Massena,Massena International-Richards Field,CS,--,3252.0,971.0,2.3491,,
507.0,AL,AK,6R7,Old Harbor,Old Harbor,CS,--,3226.0,3282.0,-0.0171,,
508.0,AL,AK,IAN,Kiana,Bob Baker Memorial,CS,--,3207.0,3907.0,-0.1792,,
509.0,AL,AK,GGV,Kwigillingok,Kwigillingok,CS,--,3203.0,3083.0,0.0389,,
510.0,AL,AK,KLG,Kalskag,Kalskag,CS,--,3199.0,3147.0,0.0165,,
511.0,AL,AK,SNP,Saint Paul Island,St Paul Island,CS,--,3130.0,3301.0,-0.0518,,
512.0,AL,AK,CFK,Chefornak,Chefornak,CS,--,3126.0,3236.0,-0.034,,
513.0,AL,AK,BVK,Buckland,Buckland,CS,--,3105.0,4016.0,-0.2268,,
514.0,AL,AK,0AK,Pilot Station,Pilot Station,CS,--,3058.0,3563.0,-0.1417,,
515.0,AL,AK,2A3,Larsen Bay,Larsen Bay,CS,--,3009.0,2933.0,0.0259,,
517.0,AL,AK,4K5,Ouzinkie,Ouzinkie,CS,--,2999.0,2071.0,0.4481,,
518.0,AL,AK,EEK,Eek,Eek,CS,--,2948.0,3292.0,-0.1045,,
519.0,NM,WA,MWH,Moses Lake,Grant County International,CS,--,2920.0,1369.0,1.1329,,
520.0,AL,AK,BTI,Kaktovik,Barter Island LRRS,CS,--,2894.0,3029.0,-0.0446,,
521.0,CE,KS,SLN,Salina,Salina Municipal,CS,--,2868.0,5170.0,-0.4453,,
523.0,AL,AK,KVC,King Cove,King Cove,CS,--,2866.0,2647.0,0.0827,,
525.0,AL,AK,NUL,Nulato,Nulato,CS,--,2833.0,2917.0,-0.0288,,
527.0,AL,AK,PGM,Port Graham,Port Graham,CS,--,2794.0,2916.0,-0.0418,,
528.0,NM,MT,SDY,Sidney,Sidney-Richland Municipal,CS,--,2766.0,2031.0,0.3619,,
529.0,AL,AK,MDM,Marshall,Marshall Don Hunter Sr,CS,--,2763.0,2892.0,-0.0446,,
530.0,AL,AK,TLT,Tuluksak,Tuluksak,CS,--,2762.0,2630.0,0.0502,,
531.0,GL,MI,MBL,Manistee,Manistee County-Blacker,CS,--,2735.0,2087.0,0.3105,,
532.0,GL,MN,TVF,Thief River Falls,Thief River Falls Regional,CS,--,2721.0,3092.0,-0.12,,
533.0,AL,AK,SMK,St Michael,St Michael,CS,--,2711.0,3493.0,-0.2239,,
534.0,EA,NY,6N5,New York,East 34th Street,CS,--,2677.0,5515.0,-0.5146,,
535.0,AL,AK,ORI,Port Lions,Port Lions,CS,--,2666.0,2386.0,0.1174,,
536.0,NM,WY,WRL,Worland,Worland Municipal,CS,--,2650.0,2996.0,-0.1155,,
537.0,EA,WV,BKW,Beckley,Raleigh County Memorial,CS,--,2626.0,3630.0,-0.2766,,
538.0,AL,AK,AQT,Nuiqsut,Nuiqsut,CS,--,2597.0,2819.0,-0.0788,,
539.0,EA,PA,BFD,Bradford,Bradford Regional,CS,--,2593.0,4898.0,-0.4706,,
540.0,AL,AK,RSH,Russian Mission,Russian Mission,CS,--,2587.0,2708.0,-0.0447,,
542.0,AL,AK,16A,Nunapitchuk,Nunapitchuk,CS,--,2538.0,2850.0,-0.1095,,
,,,126.0,Nonprimary Commercial Service Airports,,,--,612827.0,,,,
,,,,,,,,,,,,
,,,,,,,,,,,,
,,,,,,,,,,,,
,,,,,,,,,,,,
,,,,,,,,,,,,
,,,,,,,,,,, ,
,,,,,,,,,,, ,
,,,,,,,,,,, , 
,,,,,,,,,,,, 
