RO,ST,City,Airport Name,Locid,Service                     Level   ,Hub            Type,Large   Certified,Small &    Commuter,Air Taxi,FFC &              In-Transit,Total,Airport        % of                       US Total,
AL,AK,Anchorage,Ted Stevens Anchorage International,ANC,P,M,1709365.0,288492.0,155.0,421249.0,2419261.0,0.0037, 
AL,AK,Juneau,Juneau International,JNU,P,S,258224.0,69188.0,73602.0,1103.0,402117.0,0.0006, 
AL,AK,Fairbanks,Fairbanks International,FAI,P,S,326687.0,57053.0,260.0,828.0,384828.0,0.0006, 
AL,AK,Bethel,Bethel,BET,P,N,44257.0,87958.0,450.0,0.0,132665.0,0.0002, 
AL,AK,Kenai,Kenai Municipal,ENA,P,N,86.0,101269.0,5318.0,0.0,106673.0,0.0002, 
AL,AK,Ketchikan,Ketchikan International,KTN,P,N,95248.0,7141.0,245.0,0.0,102634.0,0.0002, 
AL,AK,Sitka,Sitka Rocky Gutierrez,SIT,P,N,69843.0,393.0,2676.0,0.0,72912.0,0.0001, 
AL,AK,Kodiak,Kodiak,ADQ,P,N,28438.0,33218.0,1112.0,0.0,62768.0,0.0001, 
AL,AK,Kotzebue,Ralph Wien Memorial,OTZ,P,N,25889.0,31894.0,58.0,0.0,57841.0,0.0001, 
AL,AK,Nome,Nome,OME,P,N,27808.0,28114.0,0.0,0.0,55922.0,0.0001, 
AL,AK,King Salmon,King Salmon,AKN,P,N,8908.0,33215.0,2212.0,0.0,44335.0,0.0001, 
AL,AK,Barrow,Wiley Post-Will Rogers Mem,BRW,P,N,27065.0,11003.0,0.0,0.0,38068.0,0.0001, 
AL,AK,Dillingham,Dillingham,DLG,P,N,7924.0,29527.0,94.0,0.0,37545.0,0.0001, 
AL,AK,Homer,Homer,HOM,P,N,0.0,30026.0,2910.0,0.0,32936.0,0.0, 
AL,AK,Unalaska,Unalaska,DUT,P,N,19250.0,12158.0,1.0,0.0,31409.0,0.0, 
AL,AK,Deadhorse,Deadhorse,SCC,P,N,15171.0,7600.0,0.0,46.0,22817.0,0.0, 
AL,AK,Valdez,Valdez Pioneer Field,VDZ,P,N,0.0,20384.0,0.0,0.0,20384.0,0.0, 
AL,AK,Anchorage,Lake Hood,LHD,P,N,0.0,1037.0,19326.0,0.0,20363.0,0.0, 
AL,AK,Cordova,Merle K (Mudhole) Smith,CDV,P,N,11197.0,8064.0,0.0,0.0,19261.0,0.0, 
AL,AK,Petersburg,Petersburg James A Johnson,PSG,P,N,17066.0,751.0,475.0,0.0,18292.0,0.0, 
AL,AK,Kodiak,Kodiak Municipal,KDK,P,N,0.0,13255.0,5030.0,0.0,18285.0,0.0, 
AL,AK,Aniak,Aniak,ANI,P,N,0.0,16933.0,30.0,0.0,16963.0,0.0, 
AL,AK,Yakutat,Yakutat,YAK,P,N,11445.0,3316.0,4.0,0.0,14765.0,0.0, 
AL,AK,Gustavus,Gustavus,GST,P,N,5251.0,4702.0,4699.0,0.0,14652.0,0.0, 
AL,AK,Manokotak,Manokotak,17Z,P,N,0.0,1088.0,11500.0,0.0,12588.0,0.0, 
AL,AK,Iliamna,Iliamna,ILI,P,N,0.0,10557.0,1466.0,0.0,12023.0,0.0, 
AL,AK,Anchorage,Merrill Field,MRI,P,N,0.0,6067.0,4505.0,0.0,10572.0,0.0, 
AL,AK,Wrangell,Wrangell,WRG,P,N,9984.0,77.0,170.0,0.0,10231.0,0.0, 
AL,AK,Skagway,Skagway,SGY,P,N,0.0,10168.0,0.0,0.0,10168.0,0.0, 
AL,AK,Metlakatla,Metlakatla,MTM,P,N,0.0,9901.0,125.0,0.0,10026.0,0.0, 
AL,AK,Haines,Haines,HNS,CS,-,0.0,8234.0,1418.0,0.0,9652.0,0.0, 
AL,AK,Hoonah,Hoonah,HNH,CS,-,0.0,9410.0,100.0,0.0,9510.0,0.0, 
AL,AK,Galena,Edward G. Pitka Sr,GAL,CS,-,154.0,9214.0,2.0,0.0,9370.0,0.0, 
AL,AK,Unalakleet,Unalakleet,UNK,CS,-,0.0,9258.0,0.0,0.0,9258.0,0.0, 
AL,AK,Fort Yukon,Fort Yukon,FYU,CS,-,35.0,9205.0,0.0,0.0,9240.0,0.0, 
AL,AK,Cold Bay,Cold Bay,CDB,CS,-,336.0,7567.0,113.0,0.0,8016.0,0.0, 
AL,AK,Mountain Village,Mountain Village,MOU,CS,-,0.0,7802.0,0.0,0.0,7802.0,0.0, 
AL,AK,St Mary's,St Mary's,KSM,CS,-,0.0,6753.0,0.0,0.0,6753.0,0.0, 
AL,AK,Emmonak,Emmonak,ENM,CS,-,0.0,6280.0,0.0,0.0,6280.0,0.0, 
AL,AK,Hooper Bay,Hooper Bay,HPB,CS,-,0.0,5949.0,0.0,0.0,5949.0,0.0, 
AL,AK,Selawik,Selawik,WLK,CS,-,0.0,5725.0,83.0,0.0,5808.0,0.0, 
AL,AK,Noorvik,Robert /Bob/ Curtis Memorial,ORV,CS,-,0.0,5647.0,17.0,0.0,5664.0,0.0, 
AL,AK,McGrath,McGrath,MCG,CS,-,0.0,5515.0,0.0,0.0,5515.0,0.0, 
AL,AK,Kipnuk,Kipnuk,IIK,CS,-,0.0,4986.0,50.0,0.0,5036.0,0.0, 
AL,AK,Chevak,Chevak,VAK,CS,-,0.0,4627.0,6.0,0.0,4633.0,0.0, 
AL,AK,Point Hope,Point Hope,PHO,CS,-,8.0,4422.0,0.0,0.0,4430.0,0.0, 
AL,AK,Noatak,Noatak,WTK,CS,-,0.0,4317.0,8.0,0.0,4325.0,0.0, 
AL,AK,Kiana,Bob Baker Memorial,IAN,CS,-,0.0,4029.0,64.0,0.0,4093.0,0.0, 
AL,AK,Nuiqsut,Nuiqsut,AQT,CS,-,114.0,3979.0,0.0,0.0,4093.0,0.0, 
AL,AK,Alakanuk,Alakanuk,AUK,CS,-,0.0,3987.0,0.0,0.0,3987.0,0.0, 
AL,AK,Craig,Craig,CGA,CS,-,0.0,3467.0,500.0,0.0,3967.0,0.0, 
AL,AK,Savoonga,Savoonga,SVA,CS,-,0.0,3918.0,0.0,0.0,3918.0,0.0, 
AL,AK,Pilot Station,Pilot Station,0AK,CS,-,0.0,3890.0,0.0,0.0,3890.0,0.0, 
AL,AK,Kalskag,Kalskag,KLG,CS,-,0.0,3808.0,0.0,0.0,3808.0,0.0, 
AL,AK,Sand Point,Sand Point,SDP,CS,-,0.0,3766.0,10.0,0.0,3776.0,0.0, 
AL,AK,Toksook Bay,Toksook Bay,OOK,CS,-,0.0,3685.0,50.0,0.0,3735.0,0.0, 
AL,AK,Ambler,Ambler,AFM,CS,-,0.0,2456.0,1153.0,0.0,3609.0,0.0, 
AL,AK,Wainwright,Wainwright,AWI,CS,-,158.0,3412.0,0.0,0.0,3570.0,0.0, 
AL,AK,Kotlik,Kotlik/New,2A9,CS,-,0.0,3541.0,0.0,0.0,3541.0,0.0, 
AL,AK,Gambell,Gambell,GAM,CS,-,0.0,3537.0,0.0,0.0,3537.0,0.0, 
AL,AK,Nulato,Nulato,NUL,CS,-,97.0,3440.0,0.0,0.0,3537.0,0.0, 
AL,AK,Tanana,Ralph M Calhoun Memorial,TAL,CS,-,85.0,3451.0,0.0,0.0,3536.0,0.0, 
AL,AK,Klawock,Klawock,AKW,CS,-,0.0,3353.0,57.0,0.0,3410.0,0.0, 
AL,AK,Togiak Village,Togiak,TOG,CS,-,0.0,2891.0,500.0,0.0,3391.0,0.0, 
AL,AK,Tuntutuliak,Tuntutuliak,A61,CS,-,0.0,3367.0,0.0,0.0,3367.0,0.0, 
AL,AK,Kake,Kake,KAE,CS,-,0.0,3148.0,200.0,0.0,3348.0,0.0, 
AL,AK,Buckland,Buckland,BVK,CS,-,0.0,3310.0,7.0,0.0,3317.0,0.0, 
AL,AK,Kivalina,Kivalina,KVL,CS,-,0.0,3275.0,0.0,0.0,3275.0,0.0, 
AL,AK,Angoon,Angoon,AGN,CS,-,0.0,3274.0,0.0,0.0,3274.0,0.0, 
AL,AK,Scammon Bay,Scammon Bay,SCM,CS,-,0.0,3253.0,0.0,0.0,3253.0,0.0, 
AL,AK,Kodiak,Trident Basin,T44,CS,-,0.0,483.0,2689.0,0.0,3172.0,0.0, 
AL,AK,Hollis,Hollis,HYL,CS,-,0.0,2964.0,200.0,0.0,3164.0,0.0, 
AL,AK,Shishmaref,Shishmaref/New,SHH,CS,-,0.0,3162.0,0.0,0.0,3162.0,0.0, 
AL,AK,Shungnak,Shungnak,SHG,CS,-,0.0,2819.0,329.0,0.0,3148.0,0.0, 
AL,AK,Thorne Bay,Thorne Bay,KTB,CS,-,0.0,2978.0,160.0,0.0,3138.0,0.0, 
AL,AK,Seldovia,Seldovia,SOV,CS,-,0.0,3093.0,0.0,0.0,3093.0,0.0, 
AL,AK,Huslia,Huslia,HSL,CS,-,228.0,2818.0,0.0,0.0,3046.0,0.0, 
AL,AK,Marshall,Marshall,MLL,CS,-,0.0,3037.0,0.0,0.0,3037.0,0.0, 
AL,AK,Kwigillingok,Kwigillingok,A85,CS,-,0.0,2962.0,0.0,0.0,2962.0,0.0, 
AL,AK,Atqasuk,Atqasuk Edward Burnell Sr Memorial,ATK,CS,-,250.0,2708.0,0.0,0.0,2958.0,0.0, 
AL,AK,Kongiganak,Kongiganak,DUY,CS,-,0.0,2912.0,0.0,0.0,2912.0,0.0, 
AL,AK,Old Harbor,Old Harbor,6R7,CS,-,0.0,2897.0,0.0,0.0,2897.0,0.0, 
AL,AK,Port Lions,Port Lions,ORI,CS,-,0.0,2868.0,0.0,0.0,2868.0,0.0, 
AL,AK,Larsen Bay,Larsen Bay,2A3,CS,-,0.0,2863.0,0.0,0.0,2863.0,0.0, 
AL,AK,Tuluksak,Tuluksak,TLT,CS,-,0.0,2830.0,0.0,0.0,2830.0,0.0, 
AL,AK,Elim,Elim,ELI,CS,-,0.0,2769.0,0.0,0.0,2769.0,0.0, 
AL,AK,Nunapitchuk,Nunapitchuk,16A,CS,-,0.0,2767.0,0.0,0.0,2767.0,0.0, 
AL,AK,Chefornak,Chefornak,CFK,CS,-,0.0,2746.0,0.0,0.0,2746.0,0.0, 
AL,AK,Kasigluk,Kasigluk,Z09,CS,-,0.0,2675.0,0.0,0.0,2675.0,0.0, 
AL,AK,Anaktuvuk Pass,Anaktuvuk Pass,AKP,CS,-,37.0,2551.0,0.0,0.0,2588.0,0.0, 
AL,AK,Stebbins,Stebbins,WBB,CS,-,0.0,2556.0,0.0,0.0,2556.0,0.0, 
AL,AK,Russian Mission,Russian Mission,RSH,CS,-,0.0,2525.0,0.0,0.0,2525.0,0.0, 
SO,AL,Birmingham,Birmingham International,BHM,P,S,1463095.0,41313.0,725.0,0.0,1505133.0,0.0023, 
SO,AL,Huntsville,Huntsville International-Carl T Jones Field,HSV,P,S,405996.0,67097.0,55.0,0.0,473148.0,0.0007, 
SO,AL,Mobile,Mobile Regional,MOB,P,S,278332.0,76926.0,825.0,0.0,356083.0,0.0005, 
SO,AL,Montgomery,Montgomery Regional (Dannelly Field),MGM,P,N,138899.0,73493.0,67.0,0.0,212459.0,0.0003, 
SO,AL,Dothan,Dothan Regional,DHN,P,N,53426.0,1623.0,15.0,0.0,55064.0,0.0001, 
SO,AL,Muscle Shoals,Northwest Alabama Regional,MSL,CS,-,114.0,6633.0,9.0,0.0,6756.0,0.0, 
SW,AR,Little Rock,Adams Field,LIT,P,S,1156821.0,53882.0,1050.0,0.0,1211753.0,0.0018, 
SW,AR,Fayetteville/Springdale/,Northwest Arkansas Regional,XNA,P,S,336032.0,24599.0,8.0,0.0,360639.0,0.0005, 
SW,AR,Fort Smith,Fort Smith Regional,FSM,P,N,63913.0,26360.0,38.0,0.0,90311.0,0.0001, 
SW,AR,Texarkana,Texarkana Regional-Webb Field,TXK,P,N,33109.0,0.0,25.0,0.0,33134.0,0.0001, 
SW,AR,Mountain Home,Baxter County Regional,BPK,CS,-,0.0,3124.0,17.0,0.0,3141.0,0.0, 
SW,AR,Harrison,Boone County,HRO,CS,-,0.0,2902.0,0.0,0.0,2902.0,0.0, 
SW,AR,Hot Springs,Memorial Field,HOT,CS,-,0.0,2472.0,39.0,0.0,2511.0,0.0, 
WP,AS,Pago Pago,Pago Pago International,PPG,P,N,22981.0,31261.0,0.0,29700.0,83942.0,0.0001, 
WP,AS,Fitiuta,Fitiuta,FAQ,CS,-,0.0,4585.0,0.0,0.0,4585.0,0.0, 
WP,AS,Ofu Village,Ofu,Z08,CS,-,0.0,3073.0,0.0,0.0,3073.0,0.0, 
WP,AZ,Phoenix,Phoenix Sky Harbor International,PHX,P,L,16540775.0,720947.0,1395.0,215505.0,17478622.0,0.0264, 
WP,AZ,Tucson,Tucson International,TUS,P,M,1677916.0,51827.0,306.0,19511.0,1749560.0,0.0026, 
WP,AZ,Grand Canyon,Grand Canyon National Park,GCN,P,S,2452.0,134800.0,284809.0,0.0,422061.0,0.0006, 
WP,AZ,Bullhead City,Laughlin/Bullhead International,IFP,P,N,62200.0,12081.0,738.0,0.0,75019.0,0.0001, 
WP,AZ,Peach Springs,Grand Canyon West,1G4,P,N,0.0,12747.0,52878.0,0.0,65625.0,0.0001, 
WP,AZ,Yuma,Yuma MCAS/Yuma International,YUM,P,N,1822.0,49143.0,292.0,0.0,51257.0,0.0001, 
WP,AZ,Flagstaff,Flagstaff Pulliam,FLG,P,N,0.0,28431.0,1310.0,0.0,29741.0,0.0, 
WP,AZ,Page,Page Municipal,PGA,CS,-,0.0,2147.0,6985.0,0.0,9132.0,0.0, 
WP,AZ,Lake Havasu City,Lake Havasu City,HII,CS,-,0.0,6880.0,488.0,0.0,7368.0,0.0, 
WP,AZ,Fort Huachuca Sierra Vista,Sierra Vista Municipal-Libby AAF,FHU,CS,-,0.0,6132.0,0.0,0.0,6132.0,0.0, 
WP,AZ,Prescott,Ernest A. Love Field,PRC,CS,-,0.0,3953.0,27.0,0.0,3980.0,0.0, 
WP,AZ,Kingman,Kingman,IGM,CS,-,0.0,1753.0,1350.0,0.0,3103.0,0.0, 
WP,AZ,Show Low,Show Low Municipal,SOW,CS,-,0.0,444.0,2591.0,0.0,3035.0,0.0, 
WP,CA,Los Angeles,Los Angeles International,LAX,P,L,22873307.0,747530.0,394.0,5744205.0,29365436.0,0.0444, 
WP,CA,San Francisco,San Francisco International,SFO,P,L,13862994.0,481111.0,704.0,2130802.0,16475611.0,0.0249, 
WP,CA,San Diego,San Diego International-Lindbergh Field,SAN,P,L,7254291.0,135975.0,206.0,115848.0,7506320.0,0.0114, 
WP,CA,San Jose,San Jose International,SJC,P,M,5865995.0,31090.0,827.0,83528.0,5981440.0,0.009, 
WP,CA,Oakland,Metropolitan Oakland International,OAK,P,M,5487002.0,17410.0,248.0,61440.0,5566100.0,0.0084, 
WP,CA,Sacramento,Sacramento International,SMF,P,M,3874856.0,146135.0,49.0,62.0,4021102.0,0.0061, 
WP,CA,Santa Ana,John Wayne Airport-Orange County,SNA,P,M,3618717.0,69314.0,273.0,0.0,3688304.0,0.0056, 
WP,CA,Ontario,Ontario International,ONT,P,M,3105210.0,51563.0,63.0,12139.0,3168975.0,0.0048, 
WP,CA,Burbank,Burbank-Glendale-Pasadena,BUR,P,M,2238352.0,12109.0,224.0,0.0,2250685.0,0.0034, 
WP,CA,Palm Springs,Palm Springs International,PSP,P,S,425466.0,158862.0,109.0,1591.0,586028.0,0.0009, 
WP,CA,Fresno,Fresno Yosemite International,FAT,P,S,160376.0,296681.0,513.0,0.0,457570.0,0.0007, 
WP,CA,Santa Barbara,Santa Barbara Municipal,SBA,P,S,203888.0,159533.0,160.0,0.0,363581.0,0.0005, 
WP,CA,Long Beach,Long Beach /Daugherty Field/,LGB,P,N,287369.0,9647.0,114.0,0.0,297130.0,0.0004, 
WP,CA,Monterey,Monterey Peninsula,MRY,P,N,39654.0,155742.0,392.0,0.0,195788.0,0.0003, 
WP,CA,San Luis Obispo,San Luis Obispo County-McChesney Field,SBP,P,N,44632.0,93012.0,1240.0,0.0,138884.0,0.0002, 
WP,CA,Bakersfield,Meadows Field,BFL,P,N,27663.0,99222.0,121.0,0.0,127006.0,0.0002, 
WP,CA,Arcata/Eureka,Arcata,ACV,P,N,12640.0,85174.0,26.0,0.0,97840.0,0.0001, 
WP,CA,Carlsbad,Mc Clellan-Palomar,CRQ,P,N,0.0,66679.0,6494.0,0.0,73173.0,0.0001, 
WP,CA,Redding,Redding Municipal,RDD,P,N,13627.0,52500.0,494.0,0.0,66621.0,0.0001, 
WP,CA,Oxnard,Oxnard,OXR,P,N,0.0,35474.0,60.0,0.0,35534.0,0.0001, 
WP,CA,Santa Maria,Santa Maria Pub/Capt G Allan Hancock Field,SMX,P,N,1391.0,32030.0,1617.0,0.0,35038.0,0.0001, 
WP,CA,Chico,Chico Municipal,CIC,P,N,895.0,24948.0,15.0,0.0,25858.0,0.0, 
WP,CA,Modesto,Modesto City-Co-Harry Sham Field,MOD,P,N,0.0,21542.0,3693.0,0.0,25235.0,0.0, 
WP,CA,Santa Rosa,Sonoma County,STS,P,N,0.0,24473.0,156.0,0.0,24629.0,0.0, 
WP,CA,Stockton,Stockton Metropolitan,SCK,P,N,1117.0,18448.0,86.0,0.0,19651.0,0.0, 
WP,CA,Imperial,Imperial County,IPL,P,N,0.0,14737.0,83.0,0.0,14820.0,0.0, 
WP,CA,Crescent City,Jack Mc Namara Field,CEC,P,N,0.0,12013.0,95.0,0.0,12108.0,0.0, 
WP,CA,Inyokern,Inyokern,IYK,P,N,0.0,10292.0,0.0,0.0,10292.0,0.0, 
WP,CA,Visalia,Visalia Municipal,VIS,P,N,0.0,8337.0,1757.0,0.0,10094.0,0.0, 
WP,CA,Merced,Merced Municipal/Macready Field,MCE,CS,-,0.0,3383.0,73.0,0.0,3456.0,0.0, 
NM,CO,Denver,Denver International,DEN,P,L,16397390.0,437900.0,353.0,343229.0,17178872.0,0.026, 
NM,CO,Colorado Springs,City of Colorado Springs Municipal,COS,P,S,962530.0,87438.0,272.0,104.0,1050344.0,0.0016, 
NM,CO,Aspen,Aspen-Pitkin Co/Sardy Field,ASE,P,N,174438.0,12992.0,406.0,0.0,187836.0,0.0003, 
NM,CO,Eagle,Eagle County Regional,EGE,P,N,165529.0,9.0,101.0,0.0,165639.0,0.0003, 
NM,CO,Grand Junction,Walker Field,GJT,P,N,45513.0,70754.0,205.0,0.0,116472.0,0.0002, 
NM,CO,Hayden,Yampa Valley,HDN,P,N,85323.0,15359.0,43.0,0.0,100725.0,0.0002, 
NM,CO,Durango,Durango-La Plata County,DRO,P,N,56873.0,34400.0,132.0,0.0,91405.0,0.0001, 
NM,CO,Montrose,Montrose Regional,MTJ,P,N,56865.0,11802.0,87.0,0.0,68754.0,0.0001, 
NM,CO,Gunnison,Gunnison County,GUC,P,N,33150.0,11055.0,32.0,0.0,44237.0,0.0001, 
NM,CO,Telluride,Telluride Regional,TEX,P,N,0.0,19110.0,80.0,0.0,19190.0,0.0, 
NM,CO,Cortez,Cortez Municipal,CEZ,CS,-,0.0,8198.0,60.0,0.0,8258.0,0.0, 
NM,CO,Alamosa,San Luis Valley Regional/Bergman Field,ALS,CS,-,89.0,4176.0,419.0,0.0,4684.0,0.0, 
NM,CO,Pueblo,Pueblo Memorial,PUB,CS,-,1657.0,2302.0,220.0,0.0,4179.0,0.0, 
NE,CT,Windsor Locks,Bradley International,BDL,P,M,3310486.0,99346.0,40.0,6371.0,3416243.0,0.0052, 
NE,CT,New Haven,Tweed-New Haven,HVN,P,N,0.0,28744.0,22.0,0.0,28766.0,0.0, 
NE,CT,Groton New London,Groton-New London,GON,CS,-,0.0,9464.0,146.0,0.0,9610.0,0.0, 
SO,FL,Miami,Miami International,MIA,P,L,11530332.0,229507.0,39.0,3181785.0,14941663.0,0.0226, 
SO,FL,Orlando,Orlando International,MCO,P,L,12620832.0,85721.0,229.0,915615.0,13622397.0,0.0206, 
SO,FL,Fort Lauderdale,Fort Lauderdale/Hollywood International,FLL,P,L,7382317.0,169314.0,137.0,463287.0,8015055.0,0.0121, 
SO,FL,Tampa,Tampa International,TPA,P,L,7458091.0,308240.0,85.0,135309.0,7901725.0,0.012, 
SO,FL,West Palm Beach,Palm Beach International,PBI,P,M,2857580.0,76208.0,1208.0,19019.0,2954015.0,0.0045, 
SO,FL,Fort Myers,Southwest Florida International,RSW,P,M,2508787.0,19580.0,52.0,67586.0,2596005.0,0.0039, 
SO,FL,Jacksonville,Jacksonville International,JAX,P,M,2394866.0,125324.0,25.0,3594.0,2523809.0,0.0038, 
SO,FL,Orlando,Orlando Sanford,SFB,P,S,195312.0,11.0,20.0,450601.0,645944.0,0.001, 
SO,FL,Sarasota/Bradenton,Sarasota/Bradenton International,SRQ,P,S,575823.0,4063.0,59.0,10446.0,590391.0,0.0009, 
SO,FL,Pensacola,Pensacola Regional,PNS,P,S,430434.0,90496.0,23.0,0.0,520953.0,0.0008, 
SO,FL,Tallahassee,Tallahassee Regional,TLH,P,S,261425.0,162560.0,147.0,0.0,424132.0,0.0006, 
SO,FL,Valparaiso,Eglin AFB,VPS,P,S,365060.0,10136.0,0.0,0.0,375196.0,0.0006, 
SO,FL,St Petersburg-Clearwater,St Petersburg-Clearwater International,PIE,P,N,233137.0,0.0,48.0,86058.0,319243.0,0.0005, 
SO,FL,Melbourne,Melbourne International,MLB,P,N,261128.0,96.0,0.0,845.0,262069.0,0.0004, 
SO,FL,Key West,Key West International,EYW,P,N,109871.0,151842.0,96.0,0.0,261809.0,0.0004, 
SO,FL,Daytona Beach,Daytona Beach International,DAB,P,N,246776.0,5402.0,189.0,0.0,252367.0,0.0004, 
SO,FL,Panama City,Panama City-Bay Co International,PFN,P,N,124802.0,37050.0,25.0,0.0,161877.0,0.0002, 
SO,FL,Gainesville,Gainesville Regional,GNV,P,N,94924.0,24993.0,78.0,0.0,119995.0,0.0002, 
SO,FL,Naples,Naples Municipal,APF,P,N,10536.0,17297.0,197.0,0.0,28030.0,0.0, 
SO,FL,Miami,Miami,X44,CS,-,0.0,4109.0,11.0,0.0,4120.0,0.0, 
SO,GA,Atlanta,The William B Hartsfield Atlanta International,ATL,P,L,36385612.0,51439.0,46.0,743971.0,37181068.0,0.0562, 
SO,GA,Savannah,Savannah International,SAV,P,S,749032.0,87643.0,116.0,0.0,836791.0,0.0013, 
SO,GA,Augusta,Augusta Regional at Bush Field,AGS,P,N,134080.0,32937.0,110.0,0.0,167127.0,0.0003, 
SO,GA,Columbus,Columbus Metropolitan,CSG,P,N,56435.0,20839.0,30.0,0.0,77304.0,0.0001, 
SO,GA,Albany,Southwest Georgia Regional,ABY,P,N,34599.0,0.0,49.0,0.0,34648.0,0.0001, 
SO,GA,Valdosta,Valdosta Regional,VLD,P,N,29932.0,0.0,0.0,0.0,29932.0,0.0, 
SO,GA,Macon,Middle Georgia Regional,MCN,P,N,26433.0,0.0,0.0,0.0,26433.0,0.0, 
SO,GA,Brunswick,Glynco Jetport,BQK,P,N,18652.0,0.0,0.0,0.0,18652.0,0.0, 
SO,GA,Athens,Athens/Ben Epps,AHN,CS,-,320.0,8628.0,62.0,0.0,9010.0,0.0, 
WP,GU,Agana,Guam International,GUM,P,S,888403.0,30740.0,45.0,569976.0,1489164.0,0.0023, 
WP,HI,Honolulu,Honolulu International,HNL,P,L,7794787.0,156853.0,1795.0,1857425.0,9810860.0,0.0148, 
WP,HI,Kahului,Kahului,OGG,P,M,2667784.0,28072.0,40836.0,41000.0,2777692.0,0.0042, 
WP,HI,Lihue,Lihue,LIH,P,S,1286052.0,6.0,55094.0,1135.0,1342287.0,0.002, 
WP,HI,Kailua Kona,Kona International at Keahole,KOA,P,S,1206369.0,3312.0,363.0,25849.0,1235893.0,0.0019, 
WP,HI,Hilo,Hilo International,ITO,P,S,686506.0,1715.0,26316.0,0.0,714537.0,0.0011, 
WP,HI,Kaunakakai,Molokai,MKK,P,N,21445.0,79739.0,700.0,0.0,101884.0,0.0002, 
WP,HI,Lanai City,Lanai,LNY,P,N,18966.0,48721.0,113.0,0.0,67800.0,0.0001, 
WP,HI,Hana,Hana,HNM,CS,-,0.0,4064.0,4053.0,0.0,8117.0,0.0, 
CE,IA,Des Moines,Des Moines International,DSM,P,S,706587.0,82876.0,252.0,0.0,789715.0,0.0012, 
CE,IA,Cedar Rapids,The Eastern Iowa,CID,P,S,427785.0,12917.0,95.0,0.0,440797.0,0.0007, 
CE,IA,Sioux City,Sioux Gateway/Col. Bud Day Field,SUX,P,N,62341.0,27158.0,210.0,0.0,89709.0,0.0001, 
CE,IA,Dubuque,Dubuque Regional,DBQ,P,N,46406.0,9149.0,28.0,0.0,55583.0,0.0001, 
CE,IA,Waterloo,Waterloo Municipal,ALO,P,N,22255.0,29084.0,27.0,0.0,51366.0,0.0001, 
CE,IA,Mason City,Mason City Municipal,MCW,P,N,14178.0,0.0,37.0,0.0,14215.0,0.0, 
CE,IA,Burlington,Southeast Iowa Regional,BRL,P,N,0.0,10718.0,45.0,0.0,10763.0,0.0, 
CE,IA,Fort Dodge,Fort Dodge Regional,FOD,CS,-,9712.0,0.0,5.0,0.0,9717.0,0.0, 
NM,ID,Boise,Boise Air Terminal/Gowen Field,BOI,P,S,1329492.0,92180.0,3335.0,0.0,1425007.0,0.0022, 
NM,ID,Idaho Falls,Fanning Field,IDA,P,N,32790.0,85243.0,57.0,0.0,118090.0,0.0002, 
NM,ID,Lewiston,Lewiston-Nez Perce County,LWS,P,N,62364.0,0.0,30.0,0.0,62394.0,0.0001, 
NM,ID,Hailey,Friedman Memorial,SUN,P,N,15008.0,45230.0,351.0,0.0,60589.0,0.0001, 
NM,ID,Pocatello,Pocatello Regional,PIH,P,N,19676.0,25476.0,8.0,0.0,45160.0,0.0001, 
NM,ID,Twin Falls,Joslin Field - Magic Valley Regional,TWF,P,N,1189.0,31012.0,125.0,0.0,32326.0,0.0, 
GL,IL,Chicago,Chicago O'Hare International,ORD,P,L,28626875.0,721911.0,157.0,2180618.0,31529561.0,0.0477, 
GL,IL,Chicago,Chicago Midway International,MDW,P,L,7063219.0,49038.0,276.0,251.0,7112784.0,0.0108, 
GL,IL,Moline,Quad City International,MLI,P,S,352478.0,15026.0,184.0,0.0,367688.0,0.0006, 
GL,IL,Bloomington/Normal,Central IL Regional Airport at Bloomington-Normal,BMI,P,N,207456.0,10905.0,31.0,0.0,218392.0,0.0003, 
GL,IL,Peoria,Greater Peoria Regional,PIA,P,N,179661.0,17292.0,209.0,0.0,197162.0,0.0003, 
GL,IL,Champaign/Urbana,University of Illinois-Willard,CMI,P,N,113716.0,75.0,69.0,0.0,113860.0,0.0002, 
GL,IL,Springfield,Capital,SPI,P,N,52835.0,20202.0,115.0,0.0,73152.0,0.0001, 
GL,IL,Belleville,Scott AFB/Midamerica,BLV,P,N,24764.0,0.0,0.0,0.0,24764.0,0.0, 
GL,IL,Quincy,Quincy Regional-Baldwin Field,UIN,P,N,4200.0,9183.0,449.0,0.0,13832.0,0.0, 
GL,IL,Marion,Williamson County Regional,MWA,P,N,592.0,11458.0,12.0,0.0,12062.0,0.0, 
GL,IL,Decatur,Decatur,DEC,P,N,10062.0,0.0,1425.0,0.0,11487.0,0.0, 
GL,IL,Rockford,Greater Rockford,RFD,CS,-,9066.0,0.0,67.0,0.0,9133.0,0.0, 
GL,IL,Chicago,Merrill C Meigs,CGX,CS,-,0.0,5419.0,410.0,0.0,5829.0,0.0, 
GL,IN,Indianapolis,Indianapolis International,IND,P,M,3410925.0,180817.0,96.0,3587.0,3595425.0,0.0054, 
GL,IN,South Bend,South Bend Regional,SBN,P,S,358886.0,16627.0,304.0,0.0,375817.0,0.0006, 
GL,IN,Fort Wayne,Fort Wayne International,FWA,P,N,236426.0,58997.0,46.0,0.0,295469.0,0.0004, 
GL,IN,Evansville,Evansville Regional,EVV,P,N,158967.0,59046.0,151.0,0.0,218164.0,0.0003, 
GL,IN,Gary,Gary/Chicago,GYY,P,N,21162.0,0.0,32.0,0.0,21194.0,0.0, 
GL,IN,Lafayette,Purdue University,LAF,P,N,10355.0,1284.0,33.0,0.0,11672.0,0.0, 
CE,KS,Wichita,Wichita Mid-Continent,ICT,P,S,478437.0,48554.0,55.0,16.0,527062.0,0.0008, 
CE,KS,Manhattan,Manhattan Regional,MHK,P,N,2222.0,11144.0,177.0,0.0,13543.0,0.0, 
CE,KS,Salina,Salina Municipal,SLN,P,N,4286.0,6180.0,77.0,0.0,10543.0,0.0, 
CE,KS,Garden City,Garden City Regional,GCK,P,N,954.0,8859.0,357.0,0.0,10170.0,0.0, 
CE,KS,Topeka,Forbes Field,FOE,CS,-,7545.0,1468.0,154.0,0.0,9167.0,0.0, 
CE,KS,Hays,Hays Regional,HYS,CS,-,0.0,6837.0,15.0,0.0,6852.0,0.0, 
CE,KS,Dodge City,Dodge City Regional,DDC,CS,-,212.0,3774.0,406.0,0.0,4392.0,0.0, 
CE,KS,Liberal,Liberal Municipal,LBL,CS,-,556.0,2783.0,752.0,0.0,4091.0,0.0, 
SO,KY,"Covington/Cincinnati, Oh",Cincinnati/Northern Kentucky International,CVG,P,L,8352434.0,185645.0,103.0,48725.0,8586907.0,0.013, 
SO,KY,Louisville,Louisville International-Standiford Field,SDF,P,M,1775524.0,93895.0,104.0,6976.0,1876499.0,0.0028, 
SO,KY,Lexington,Blue Grass,LEX,P,S,359469.0,80209.0,1119.0,0.0,440797.0,0.0007, 
SO,KY,Paducah,Barkley Regional,PAH,P,N,7341.0,24009.0,50.0,0.0,31400.0,0.0, 
SO,KY,Owensboro,Owensboro-Daviess County,OWB,CS,-,0.0,6772.0,96.0,0.0,6868.0,0.0, 
SW,LA,New Orleans,New Orleans International/Moisant Field/,MSY,P,M,4685414.0,27522.0,59.0,54538.0,4767533.0,0.0072, 
SW,LA,Baton Rouge,"Baton Rouge Metropolitan, Ryan Field",BTR,P,S,331508.0,31820.0,91.0,0.0,363419.0,0.0005, 
SW,LA,Shreveport,Shreveport Regional,SHV,P,N,232702.0,76388.0,32.0,0.0,309122.0,0.0005, 
SW,LA,Lafayette,Lafayette Regional,LFT,P,N,147291.0,25421.0,308.0,0.0,173020.0,0.0003, 
SW,LA,Alexandria,Alexandria International,AEX,P,N,95634.0,26954.0,50.0,0.0,122638.0,0.0002, 
SW,LA,Monroe,Monroe Regional,MLU,P,N,74833.0,21660.0,10.0,0.0,96503.0,0.0001, 
SW,LA,Lake Charles,Lake Charles Regional,LCH,P,N,46406.0,0.0,7.0,0.0,46413.0,0.0001, 
NE,MA,Boston,General Edward Lawrence Logan International,BOS,P,L,10017005.0,487253.0,414.0,1234881.0,11739553.0,0.0178, 
NE,MA,Nantucket,Nantucket Memorial,ACK,P,N,8354.0,172458.0,91648.0,0.0,272460.0,0.0004, 
NE,MA,Hyannis,Barnstable Municipal-Boardman/Polando Field,HYA,P,N,0.0,109426.0,87680.0,0.0,197106.0,0.0003, 
NE,MA,Worcester,Worcester Regional,ORH,P,N,57781.0,21745.0,127.0,0.0,79653.0,0.0001, 
NE,MA,Bedford,Laurence G Hanscom Field,BED,P,N,1491.0,69263.0,627.0,0.0,71381.0,0.0001, 
NE,MA,Vineyard Haven,Marthas Vineyard,MVY,P,N,5767.0,59157.0,450.0,0.0,65374.0,0.0001, 
NE,MA,New Bedford,New Bedford Regional,EWB,P,N,0.0,21778.0,8.0,0.0,21786.0,0.0, 
NE,MA,Provincetown,Provincetown Municipal,PVC,P,N,0.0,12982.0,4.0,0.0,12986.0,0.0, 
EA,MD,Baltimore,Baltimore-Washington International,BWI,P,L,9451022.0,397278.0,124.0,250241.0,10098665.0,0.0153, 
EA,MD,Salisbury,Salisbury-Ocean City Wicomico Regional,SBY,P,N,0.0,61310.0,0.0,0.0,61310.0,0.0001, 
EA,MD,Hagerstown,Hagerstown Regional-Richard A Henson Field,HGR,P,N,0.0,23816.0,22.0,0.0,23838.0,0.0, 
NE,ME,Portland,Portland International Jetport,PWM,P,S,529376.0,96119.0,96.0,0.0,625591.0,0.0009, 
NE,ME,Bangor,Bangor International,BGR,P,N,140719.0,47020.0,67.0,66872.0,254678.0,0.0004, 
NE,ME,Presque Isle,Northern Maine Regional Airport at Presque Is,PQI,P,N,0.0,17550.0,69.0,0.0,17619.0,0.0, 
NE,ME,Rockland,Knox County Regional,RKD,P,N,0.0,6790.0,6612.0,0.0,13402.0,0.0, 
NE,ME,Bar Harbor,Hancock County-Bar Harbor,BHB,P,N,0.0,11795.0,226.0,0.0,12021.0,0.0, 
NE,ME,Augusta,Augusta State,AUG,CS,-,0.0,4168.0,0.0,0.0,4168.0,0.0, 
GL,MI,Detroit,Detroit Metropolitan Wayne County,DTW,P,L,15467412.0,187051.0,424.0,164697.0,15819584.0,0.0239, 
GL,MI,Grand Rapids,Gerald R. Ford International,GRR,P,S,859238.0,47283.0,247.0,0.0,906768.0,0.0014, 
GL,MI,Flint,Bishop International,FNT,P,N,270727.0,34022.0,60.0,0.0,304809.0,0.0005, 
GL,MI,Lansing,Capital City,LAN,P,N,219228.0,49720.0,118.0,0.0,269066.0,0.0004, 
GL,MI,Saginaw,Mbs International,MBS,P,N,213243.0,30585.0,27.0,0.0,243855.0,0.0004, 
GL,MI,Kalamazoo,Kalamazoo/Battle Creek International,AZO,P,N,205897.0,28330.0,39.0,1036.0,235302.0,0.0004, 
GL,MI,Traverse City,Cherry Capital,TVC,P,N,168610.0,18506.0,1340.0,0.0,188456.0,0.0003, 
GL,MI,Gwinn,Sawyer International,SAW,P,N,49279.0,6595.0,75.0,0.0,55949.0,0.0001, 
GL,MI,Muskegon,Muskegon County,MKG,P,N,19217.0,19772.0,27.0,0.0,39016.0,0.0001, 
GL,MI,Pellston,Pellston Regional Airport of Emmet County,PLN,P,N,29188.0,0.0,448.0,0.0,29636.0,0.0, 
GL,MI,Hancock,Houghton County Memorial,CMX,P,N,25917.0,0.0,5.0,0.0,25922.0,0.0, 
GL,MI,Charlevoix,Charlevoix Municipal,CVX,P,N,0.0,0.0,16868.0,0.0,16868.0,0.0, 
GL,MI,Sault Ste Marie,Chippewa County International,CIU,P,N,15624.0,0.0,15.0,0.0,15639.0,0.0, 
GL,MI,Escanaba,Delta County,ESC,P,N,9835.0,3699.0,46.0,0.0,13580.0,0.0, 
GL,MI,Alpena,Alpena County Regional,APN,P,N,10659.0,0.0,58.0,0.0,10717.0,0.0, 
GL,MI,Iron Mountain Kingsford,Ford,IMT,CS,-,0.0,8353.0,60.0,0.0,8413.0,0.0, 
GL,MN,Minneapolis,Minneapolis-St Paul International/Wold-Chamberlain/,MSP,P,L,15648404.0,92304.0,268.0,111457.0,15852433.0,0.024, 
GL,MN,Rochester,Rochester International,RST,P,N,134568.0,8785.0,93.0,0.0,143446.0,0.0002, 
GL,MN,Duluth,Duluth International,DLH,P,N,132569.0,0.0,113.0,0.0,132682.0,0.0002, 
GL,MN,Bemidji,Bemidji-Beltrami County,BJI,P,N,27094.0,19.0,77.0,0.0,27190.0,0.0, 
GL,MN,St Cloud,St Cloud Regional,STC,P,N,21764.0,71.0,217.0,0.0,22052.0,0.0, 
GL,MN,International Falls,Falls International,INL,P,N,19266.0,0.0,46.0,0.0,19312.0,0.0, 
GL,MN,Brainerd,Brainerd Lakes Regional,BRD,P,N,18759.0,0.0,59.0,0.0,18818.0,0.0, 
GL,MN,Hibbing,Chisholm-Hibbing,HIB,CS,-,9735.0,0.0,126.0,0.0,9861.0,0.0, 
GL,MN,Grand Rapids,Grand Rapids/Itasca Co-Gordon Newstrom Field,GPZ,CS,-,8619.0,0.0,37.0,0.0,8656.0,0.0, 
GL,MN,Thief River Falls,Thief River Falls Regional,TVF,CS,-,5381.0,0.0,10.0,0.0,5391.0,0.0, 
CE,MO,St. Louis,Lambert-St Louis International,STL,P,L,12864472.0,389413.0,293.0,10573.0,13264751.0,0.0201, 
CE,MO,Kansas City,Kansas City International,MCI,P,M,5495913.0,102213.0,24.0,16197.0,5614347.0,0.0085, 
CE,MO,Springfield,Springfield-Branson Regional,SGF,P,N,227706.0,92612.0,221.0,0.0,320539.0,0.0005, 
CE,MO,Joplin,Joplin Regional,JLN,P,N,19099.0,11446.0,92.0,0.0,30637.0,0.0, 
CE,MO,Columbia,Columbia Regional,COU,P,N,21932.0,2223.0,127.0,0.0,24282.0,0.0, 
CE,MO,Fort Leonard Wood,Waynesville Regional Airport at Forney Field,TBN,CS,-,0.0,8726.0,0.0,0.0,8726.0,0.0, 
CE,MO,Cape Girardeau,Cape Girardeau Regional,CGI,CS,-,0.0,7303.0,0.0,0.0,7303.0,0.0, 
WP,MP,Saipan Island,Saipan International,GSN,P,S,218815.0,62439.0,200.0,234683.0,516137.0,0.0008, 
WP,MP,Tinian Island,West Tinian,TNI,P,N,0.0,36555.0,70.0,0.0,36625.0,0.0001, 
WP,MP,Rota Island,Rota International,GRO,P,N,0.0,33863.0,60.0,0.0,33923.0,0.0001, 
SO,MS,Jackson,Jackson International,JAN,P,S,596724.0,45369.0,53.0,0.0,642146.0,0.001, 
SO,MS,Gulfport,Gulfport-Biloxi International,GPT,P,S,418820.0,0.0,114.0,1835.0,420769.0,0.0006, 
SO,MS,Columbus,Golden Triangle Regional,GTR,P,N,26420.0,14404.0,12.0,0.0,40836.0,0.0001, 
SO,MS,Meridian,Key Field,MEI,P,N,19642.0,10502.0,18.0,0.0,30162.0,0.0, 
SO,MS,Tupelo,Tupelo Regional,TUP,P,N,453.0,15846.0,10.0,0.0,16309.0,0.0, 
SO,MS,Hattiesburg,Hattiesburg-Laurel Regional,PIB,P,N,686.0,11435.0,2.0,0.0,12123.0,0.0, 
SO,MS,Greenville,Mid Delta Regional,GLH,P,N,0.0,10016.0,7.0,0.0,10023.0,0.0, 
NM,MT,Billings,Billings Logan International,BIL,P,S,277548.0,61898.0,1862.0,0.0,341308.0,0.0005, 
NM,MT,Bozeman,Gallatin Field,BZN,P,N,209269.0,45886.0,134.0,0.0,255289.0,0.0004, 
NM,MT,Missoula,Missoula International,MSO,P,N,199702.0,44329.0,79.0,0.0,244110.0,0.0004, 
NM,MT,Kalispell,Glacier Park International,FCA,P,N,150354.0,6238.0,88.0,0.0,156680.0,0.0002, 
NM,MT,Great Falls,Great Falls International,GTF,P,N,127234.0,5109.0,78.0,0.0,132421.0,0.0002, 
NM,MT,Helena,Helena Regional,HLN,P,N,65877.0,12019.0,64.0,0.0,77960.0,0.0001, 
NM,MT,Butte,Bert Mooney,BTM,P,N,11643.0,32621.0,64.0,0.0,44328.0,0.0001, 
NM,MT,Sidney,Sidney-Richland Municipal,SDY,P,N,0.0,2522.0,9465.0,0.0,11987.0,0.0, 
NM,MT,West Yellowstone,Yellowstone,WYS,CS,-,0.0,4015.0,28.0,0.0,4043.0,0.0, 
NM,MT,Glasgow,Wokal Field/Glasgow International,GGW,CS,-,0.0,2187.0,325.0,0.0,2512.0,0.0, 
SO,NC,Charlotte,Charlotte/Douglas International,CLT,P,L,10246716.0,1246133.0,188.0,55915.0,11548952.0,0.0175, 
SO,NC,Raleigh/Durham,Raleigh-Durham International,RDU,P,M,4494240.0,346525.0,174.0,49667.0,4890606.0,0.0074, 
SO,NC,Greensboro,Piedmont Triad International,GSO,P,S,1112718.0,199342.0,30.0,5429.0,1317519.0,0.002, 
SO,NC,Asheville,Asheville Regional,AVL,P,N,216509.0,39680.0,26.0,0.0,256215.0,0.0004, 
SO,NC,Wilmington,Wilmington International,ILM,P,N,193327.0,40534.0,20.0,0.0,233881.0,0.0004, 
SO,NC,Fayetteville,Fayetteville Regional/Grannis Field,FAY,P,N,71246.0,60040.0,0.0,0.0,131286.0,0.0002, 
SO,NC,New Bern,Craven County Regional,EWN,P,N,0.0,77726.0,0.0,0.0,77726.0,0.0001, 
SO,NC,Greenville,Pitt-Greenville,PGV,P,N,574.0,33712.0,270.0,0.0,34556.0,0.0001, 
SO,NC,Jacksonville,Albert J Ellis,OAJ,P,N,324.0,29024.0,1.0,0.0,29349.0,0.0, 
SO,NC,Pinehurst/Southern Pines,Moore County,SOP,P,N,0.0,11914.0,72.0,0.0,11986.0,0.0, 
SO,NC,Hickory,Hickory Regional,HKY,CS,-,0.0,9625.0,28.0,0.0,9653.0,0.0, 
GL,ND,Fargo,Hector International,FAR,P,N,196269.0,26413.0,74.0,0.0,222756.0,0.0003, 
GL,ND,Bismarck,Bismarck Municipal,BIS,P,N,126404.0,4609.0,544.0,0.0,131557.0,0.0002, 
GL,ND,Grand Forks,Grand Forks International,GFK,P,N,71594.0,0.0,6.0,0.0,71600.0,0.0001, 
GL,ND,Minot,Minot International,MOT,P,N,70271.0,0.0,32.0,0.0,70303.0,0.0001, 
GL,ND,Williston,Sloulin Field International,ISN,CS,-,0.0,4447.0,444.0,0.0,4891.0,0.0, 
GL,ND,Dickinson,Dickinson Municipal,DIK,CS,-,0.0,3437.0,57.0,0.0,3494.0,0.0, 
GL,ND,Devils Lake,Devils Lake Municipal,DVL,CS,-,0.0,2455.0,314.0,0.0,2769.0,0.0, 
GL,ND,Jamestown,Jamestown Municipal,JMS,CS,-,0.0,2660.0,6.0,0.0,2666.0,0.0, 
CE,NE,Omaha,Eppley Airfield,OMA,P,M,1704921.0,68725.0,248.0,0.0,1773894.0,0.0027, 
CE,NE,Lincoln,Lincoln Municipal,LNK,P,N,164364.0,69455.0,255.0,0.0,234074.0,0.0004, 
CE,NE,Scottsbluff,Western Neb. Regional/William B. Heilig Field,BFF,P,N,0.0,10668.0,374.0,0.0,11042.0,0.0, 
CE,NE,Grand Island,Central Nebraska Regional,GRI,CS,-,1084.0,6633.0,13.0,0.0,7730.0,0.0, 
CE,NE,Kearney,Kearney Municipal,EAR,CS,-,0.0,6947.0,95.0,0.0,7042.0,0.0, 
CE,NE,North Platte,North Platte Regional Airport Lee Bird Field,LBF,CS,-,206.0,6369.0,62.0,0.0,6637.0,0.0, 
NE,NH,Manchester,Manchester,MHT,P,S,1553350.0,45262.0,448.0,2.0,1599062.0,0.0024, 
NE,NH,Portsmouth,Pease International Tradeport,PSM,P,N,37099.0,0.0,136.0,0.0,37235.0,0.0001, 
NE,NH,Lebanon,Lebanon Municipal,LEB,P,N,0.0,12853.0,34.0,0.0,12887.0,0.0, 
EA,NJ,Newark,Newark International,EWR,P,L,13823414.0,82555.0,123.0,1591468.0,15497560.0,0.0234, 
EA,NJ,Atlantic City,Atlantic City International,ACY,P,S,370064.0,16205.0,352.0,125.0,386746.0,0.0006, 
EA,NJ,Trenton,Trenton Mercer,TTN,P,N,202.0,58444.0,163.0,0.0,58809.0,0.0001, 
SW,NM,Albuquerque,Albuquerque International Sunport,ABQ,P,M,2979832.0,114105.0,1595.0,367.0,3095899.0,0.0047, 
SW,NM,Farmington,Four Corners Regional,FMN,P,N,0.0,46671.0,143.0,0.0,46814.0,0.0001, 
SW,NM,Santa Fe,Santa Fe Municipal,SAF,P,N,0.0,40720.0,88.0,0.0,40808.0,0.0001, 
SW,NM,Roswell,Roswell Industrial Air Center,ROW,P,N,0.0,12910.0,31.0,0.0,12941.0,0.0, 
SW,NM,Carlsbad,Cavern City Air Trml,CNM,CS,-,0.0,6411.0,13.0,0.0,6424.0,0.0, 
SW,NM,Gallup,Gallup Municipal,GUP,CS,-,0.0,863.0,2047.0,0.0,2910.0,0.0, 
SW,NM,Taos,Taos Municipal,SKX,CS,-,0.0,2768.0,42.0,0.0,2810.0,0.0, 
SW,NM,Hobbs,Lea County Regional,HOB,CS,-,0.0,2617.0,3.0,0.0,2620.0,0.0, 
WP,NV,Las Vegas,Mc Carran International,LAS,P,L,16121009.0,84568.0,53874.0,373984.0,16633435.0,0.0252, 
WP,NV,Reno,Reno/Tahoe International,RNO,P,M,2303448.0,84641.0,167.0,667.0,2388923.0,0.0036, 
WP,NV,Las Vegas,North Las Vegas,VGT,P,N,0.0,122086.0,48202.0,0.0,170288.0,0.0003, 
WP,NV,Elko,Elko Regional,EKO,P,N,53145.0,28320.0,17.0,0.0,81482.0,0.0001, 
EA,NY,New York,John F Kennedy International,JFK,P,L,9647372.0,56378.0,128.0,4849937.0,14553815.0,0.022, 
EA,NY,New York,La Guardia,LGA,P,L,10311967.0,660390.0,141.0,379750.0,11352248.0,0.0172, 
EA,NY,Buffalo,Buffalo Niagara International,BUF,P,M,1990008.0,211504.0,57.0,2518.0,2204087.0,0.0033, 
EA,NY,Albany,Albany International,ALB,P,S,1291758.0,171761.0,113.0,0.0,1463632.0,0.0022, 
EA,NY,Rochester,Greater Rochester International,ROC,P,S,994179.0,137807.0,310.0,301.0,1132597.0,0.0017, 
EA,NY,Islip,Long Island Mac Arthur,ISP,P,S,930334.0,79530.0,55.0,0.0,1009919.0,0.0015, 
EA,NY,Syracuse,Syracuse Hancock International,SYR,P,S,805749.0,130136.0,62.0,503.0,936450.0,0.0014, 
EA,NY,White Plains,Westchester County,HPN,P,S,356478.0,96382.0,2703.0,733.0,456296.0,0.0007, 
EA,NY,Newburgh,Stewart International,SWF,P,N,143455.0,54390.0,27.0,0.0,197872.0,0.0003, 
EA,NY,Binghamton,Binghamton Regional/Edwin A Link Field,BGM,P,N,54337.0,60270.0,300.0,0.0,114907.0,0.0002, 
EA,NY,Elmira/Corning,Elmira/Corning Regional,ELM,P,N,55660.0,48917.0,140.0,0.0,104717.0,0.0002, 
EA,NY,Ithaca,Tompkins County,ITH,P,N,46550.0,41731.0,18.0,0.0,88299.0,0.0001, 
EA,NY,Jamestown,Chautauqua County/Jamestown,JHW,P,N,0.0,13984.0,20.0,0.0,14004.0,0.0, 
EA,NY,Plattsburgh,Clinton Co,PLB,CS,-,0.0,4305.0,5.0,0.0,4310.0,0.0, 
EA,NY,Poughkeepsie,Dutchess County,POU,CS,-,0.0,3338.0,0.0,0.0,3338.0,0.0, 
EA,NY,Massena,Massena International-Richards Field,MSS,CS,-,0.0,3019.0,0.0,0.0,3019.0,0.0, 
EA,NY,Utica,Oneida County,UCA,CS,-,1665.0,985.0,20.0,0.0,2670.0,0.0, 
EA,NY,Saranac Lake,Adirondack Regional,SLK,CS,-,0.0,2603.0,10.0,0.0,2613.0,0.0, 
GL,OH,Cleveland,Cleveland-Hopkins International,CLE,P,M,5529469.0,94891.0,582.0,8553.0,5633495.0,0.0085, 
GL,OH,Columbus,Port Columbus International,CMH,P,M,2874773.0,419902.0,313.0,1025.0,3296013.0,0.005, 
GL,OH,Dayton,James M Cox Dayton International,DAY,P,S,939959.0,130455.0,42.0,0.0,1070456.0,0.0016, 
GL,OH,Akron,Akron-Canton Regional,CAK,P,S,245386.0,104223.0,232.0,0.0,349841.0,0.0005, 
GL,OH,Toledo,Toledo Express,TOL,P,N,305057.0,23676.0,596.0,0.0,329329.0,0.0005, 
GL,OH,Youngstown/Warren,Youngstown-Warren Regional,YNG,P,N,14896.0,7237.0,57.0,0.0,22190.0,0.0, 
GL,OH,Port Clinton,Carl R Keller Field,PCW,P,N,0.0,0.0,10933.0,0.0,10933.0,0.0, 
GL,OH,Put-in-Bay,Put in Bay,3W2,P,N,0.0,0.0,10693.0,0.0,10693.0,0.0, 
SW,OK,Oklahoma City,Will Rogers World,OKC,P,M,1650927.0,24724.0,20.0,218.0,1675889.0,0.0025, 
SW,OK,Tulsa,Tulsa International,TUL,P,S,1511827.0,114951.0,178.0,337.0,1627293.0,0.0025, 
SW,OK,Lawton,Lawton-Fort Sill Regional,LAW,P,N,50308.0,0.0,2.0,0.0,50310.0,0.0001, 
SW,OK,Enid,Enid Woodring Municipal,WDG,CS,-,0.0,3620.0,408.0,0.0,4028.0,0.0, 
SW,OK,Ponca City,Ponca City Municipal,PNC,CS,-,0.0,3458.0,0.0,0.0,3458.0,0.0, 
NM,OR,Portland,Portland International,PDX,P,M,6005166.0,157759.0,610.0,4568.0,6168103.0,0.0093, 
NM,OR,Eugene,Mahlon Sweet Field,EUG,P,S,280404.0,75607.0,97.0,0.0,356108.0,0.0005, 
NM,OR,Medford,Rogue Valley International - Medford,MFR,P,N,169271.0,51780.0,269.0,0.0,221320.0,0.0003, 
NM,OR,Redmond,Roberts Field,RDM,P,N,85087.0,59272.0,65.0,0.0,144424.0,0.0002, 
NM,OR,Klamath Falls,Klamath Falls International,LMT,P,N,29444.0,0.0,56.0,0.0,29500.0,0.0, 
NM,OR,North Bend,North Bend Municipal,OTH,P,N,28889.0,0.0,106.0,0.0,28995.0,0.0, 
NM,OR,Pendleton,Eastern Oregon Regional at Pendleton,PDT,P,N,13502.0,0.0,17.0,0.0,13519.0,0.0, 
EA,PA,Philadelphia,Philadelphia International,PHL,P,L,10387140.0,997580.0,1914.0,349495.0,11736129.0,0.0178, 
EA,PA,Pittsburgh,Pittsburgh International,PIT,P,L,8712849.0,1214766.0,234.0,11374.0,9939223.0,0.015, 
EA,PA,Harrisburg,Harrisburg International,MDT,P,S,442992.0,113549.0,131.0,0.0,556672.0,0.0008, 
EA,PA,Allentown,Lehigh Valley International,ABE,P,S,407103.0,68549.0,2715.0,0.0,478367.0,0.0007, 
EA,PA,Wilkes-Barre/Scranton,Wilkes-Barre/Scranton International,AVP,P,N,116309.0,69928.0,182.0,129.0,186548.0,0.0003, 
EA,PA,Erie,Erie International,ERI,P,N,120742.0,7031.0,127.0,0.0,127900.0,0.0002, 
EA,PA,State College,University Park,UNV,P,N,20136.0,95885.0,92.0,0.0,116113.0,0.0002, 
EA,PA,Williamsport,Williamsport Regional,IPT,P,N,120.0,37855.0,75.0,0.0,38050.0,0.0001, 
EA,PA,Reading,Reading Regional/Carl A Spaatz Field,RDG,P,N,2250.0,29197.0,2570.0,0.0,34017.0,0.0001, 
EA,PA,Latrobe,Arnold Palmer Regional,LBE,P,N,7596.0,15305.0,66.0,0.0,22967.0,0.0, 
EA,PA,Johnstown,John Murtha Johnstown-Cambria County,JST,P,N,584.0,18051.0,76.0,0.0,18711.0,0.0, 
EA,PA,Lancaster,Lancaster,LNS,P,N,0.0,15306.0,127.0,0.0,15433.0,0.0, 
EA,PA,Altoona,Altoona-Blair County,AOO,P,N,0.0,13948.0,100.0,0.0,14048.0,0.0, 
EA,PA,DuBois,Du Bois-Jefferson County,DUJ,P,N,0.0,11628.0,52.0,0.0,11680.0,0.0, 
EA,PA,Bradford,Bradford Regional,BFD,CS,-,35.0,8895.0,221.0,0.0,9151.0,0.0, 
EA,PA,Franklin,Venango Regional,FKL,CS,-,0.0,4504.0,0.0,0.0,4504.0,0.0, 
SO,PR,San Juan,Luis Munoz Marin International,SJU,P,M,4537774.0,53389.0,3692.0,111452.0,4706307.0,0.0071, 
SO,PR,Aguadilla,Rafael Hernandez,BQN,P,N,32790.0,0.0,44.0,0.0,32834.0,0.0, 
SO,PR,Mayaguez,Eugenio Maria De Hostos,MAZ,P,N,30803.0,0.0,17.0,0.0,30820.0,0.0, 
SO,PR,Isla De Vieques,Antonio Rivera Rodriguez,VQS,P,N,0.0,12733.0,12590.0,0.0,25323.0,0.0, 
SO,PR,Fajardo,Diego Jimenez Torres,X95,P,N,0.0,4831.0,8340.0,0.0,13171.0,0.0, 
SO,PR,San Juan,Fernando Luis Ribas Dominicci,SIG,CS,-,0.0,7078.0,849.0,0.0,7927.0,0.0, 
SO,PR,Ponce,Mercedita,PSE,CS,-,0.0,5012.0,178.0,0.0,5190.0,0.0, 
NE,RI,Providence,Theodore Francis Green State,PVD,P,M,2614366.0,120108.0,151.0,17137.0,2751762.0,0.0042, 
NE,RI,Block Island,Block Island State,BID,P,N,0.0,9729.0,482.0,0.0,10211.0,0.0, 
NE,RI,Westerly,Westerly State,WST,CS,-,0.0,9814.0,16.0,0.0,9830.0,0.0, 
SO,SC,Charleston,Charleston AFB/International,CHS,P,S,604796.0,177302.0,310.0,3918.0,786326.0,0.0012, 
SO,SC,Greer,Greenville-Spartanburg International,GSP,P,S,516511.0,185084.0,11.0,0.0,701606.0,0.0011, 
SO,SC,Myrtle Beach,Myrtle Beach International,MYR,P,S,674752.0,20706.0,44.0,0.0,695502.0,0.0011, 
SO,SC,Columbia,Columbia Metropolitan,CAE,P,S,355276.0,182419.0,32.0,0.0,537727.0,0.0008, 
SO,SC,Hilton Head Island,Hilton Head,HXD,P,N,0.0,80278.0,140.0,0.0,80418.0,0.0001, 
SO,SC,Florence,Florence Regional,FLO,P,N,17212.0,27255.0,10.0,0.0,44477.0,0.0001, 
GL,SD,Sioux Falls,Joe Foss Field,FSD,P,S,288520.0,43602.0,4130.0,0.0,336252.0,0.0005, 
GL,SD,Rapid City,Rapid City Regional,RAP,P,N,146839.0,38594.0,1341.0,0.0,186774.0,0.0003, 
GL,SD,Aberdeen,Aberdeen Regional,ABR,P,N,22643.0,0.0,501.0,0.0,23144.0,0.0, 
GL,SD,Pierre,Pierre Regional,PIR,P,N,9484.0,7427.0,363.0,0.0,17274.0,0.0, 
GL,SD,Watertown,Watertown Municipal,ATY,CS,-,5322.0,0.0,3.0,0.0,5325.0,0.0, 
SO,TN,Memphis,Memphis International,MEM,P,M,4791613.0,680950.0,558.0,87403.0,5560524.0,0.0084, 
SO,TN,Nashville,Nashville International,BNA,P,M,4081504.0,112710.0,449.0,14802.0,4209465.0,0.0064, 
SO,TN,Knoxville,Mc Ghee Tyson,TYS,P,S,532978.0,172369.0,260.0,0.0,705607.0,0.0011, 
SO,TN,Chattanooga,Lovell Field,CHA,P,N,189769.0,68735.0,50.0,0.0,258554.0,0.0004, 
SO,TN,Bristol/Johnson/Kingsport,Tri-Cities Regional TN/VA,TRI,P,N,134956.0,74768.0,191.0,0.0,209915.0,0.0003, 
SO,TN,Jackson,Mc Kellar-Sipes Regional,MKL,P,N,38.0,8479.0,1664.0,0.0,10181.0,0.0, 
SW,TX,Fort Worth,Dallas/Fort Worth International,DFW,P,L,25198327.0,47443.0,80.0,364712.0,25610562.0,0.0387, 
SW,TX,Houston,George Bush Intercontinental,IAH,P,L,15639781.0,2125.0,125.0,531520.0,16173551.0,0.0245, 
SW,TX,Houston,William P Hobby,HOU,P,M,4120972.0,4221.0,3777.0,10.0,4128980.0,0.0062, 
SW,TX,Austin,Austin-Bergstrom International,AUS,P,M,3419348.0,8402.0,452.0,0.0,3428202.0,0.0052, 
SW,TX,Dallas,Dallas Love Field,DAL,P,M,3350940.0,7.0,1099.0,37.0,3352083.0,0.0051, 
SW,TX,San Antonio,San Antonio International,SAT,P,M,3254348.0,4.0,501.0,58692.0,3313545.0,0.005, 
SW,TX,El Paso,El Paso International,ELP,P,S,1501879.0,42496.0,258.0,101.0,1544734.0,0.0023, 
SW,TX,Lubbock,Lubbock International,LBB,P,S,535431.0,593.0,150.0,0.0,536174.0,0.0008, 
SW,TX,Harlingen,Valley International,HRL,P,S,437723.0,0.0,2209.0,0.0,439932.0,0.0007, 
SW,TX,Midland,Midland International,MAF,P,S,437020.0,0.0,25.0,0.0,437045.0,0.0007, 
SW,TX,Amarillo,Amarillo International,AMA,P,S,409123.0,14839.0,356.0,0.0,424318.0,0.0006, 
SW,TX,Corpus Christi,Corpus Christi International,CRP,P,S,403728.0,0.0,423.0,0.0,404151.0,0.0006, 
SW,TX,McAllen,McAllen Miller International,MFE,P,N,287683.0,0.0,214.0,0.0,287897.0,0.0004, 
SW,TX,Killeen,Killeen Municipal,ILE,P,N,96632.0,0.0,0.0,0.0,96632.0,0.0001, 
SW,TX,College Station,Easterwood Field,CLL,P,N,82823.0,305.0,86.0,0.0,83214.0,0.0001, 
SW,TX,Laredo,Laredo International,LRD,P,N,75584.0,0.0,26.0,0.0,75610.0,0.0001, 
SW,TX,Beaumont/Port Arthur,Southeast Texas Regional,BPT,P,N,73570.0,25.0,286.0,0.0,73881.0,0.0001, 
SW,TX,Brownsville,Brownsville/South Padre Island International,BRO,P,N,71638.0,0.0,9.0,0.0,71647.0,0.0001, 
SW,TX,Waco,Waco Regional,ACT,P,N,62539.0,262.0,153.0,0.0,62954.0,0.0001, 
SW,TX,Tyler,Tyler Pounds Field,TYR,P,N,61116.0,0.0,40.0,0.0,61156.0,0.0001, 
SW,TX,Abilene,Abilene Regional,ABI,P,N,57995.0,0.0,211.0,0.0,58206.0,0.0001, 
SW,TX,Wichita Falls,Sheppard AFB/Wichita Falls Municipal,SPS,P,N,47718.0,0.0,5.0,0.0,47723.0,0.0001, 
SW,TX,San Angelo,San Angelo Regional/Mathis Field,SJT,P,N,45277.0,0.0,30.0,0.0,45307.0,0.0001, 
SW,TX,Houston,Ellington Field,EFD,P,N,30970.0,0.0,0.0,0.0,30970.0,0.0, 
SW,TX,Longview,Gregg County,GGG,P,N,29749.0,0.0,17.0,0.0,29766.0,0.0, 
SW,TX,Victoria,Victoria Regional,VCT,P,N,15624.0,0.0,14.0,0.0,15638.0,0.0, 
NM,UT,Salt Lake City,Salt Lake City International,SLC,P,L,7839933.0,1092364.0,188.0,19291.0,8951776.0,0.0135, 
NM,UT,St. George,St George Municipal,SGU,P,N,0.0,43480.0,129.0,0.0,43609.0,0.0001, 
NM,UT,Cedar City,Cedar City Regional,CDC,P,N,0.0,9196.0,983.0,0.0,10179.0,0.0, 
NM,UT,Moab,Canyonlands Field,CNY,CS,-,0.0,711.0,2052.0,0.0,2763.0,0.0, 
NM,UT,Bryce Canyon,Bryce Canyon,BCE,CS,-,0.0,2475.0,28.0,0.0,2503.0,0.0, 
EA,VA,Chantilly,Washington Dulles International,IAD,P,L,5749339.0,1643204.0,422.0,1091147.0,8484112.0,0.0128, 
EA,VA,Arlington,Ronald Reagan Washington National,DCA,P,M,5793639.0,397800.0,307.0,75649.0,6267395.0,0.0095, 
EA,VA,Norfolk,Norfolk International,ORF,P,S,1252810.0,222446.0,478.0,2953.0,1478687.0,0.0022, 
EA,VA,Richmond,Richmond International,RIC,P,S,1094347.0,80712.0,83.0,12539.0,1187681.0,0.0018, 
EA,VA,Roanoke,Roanoke Regional/Woodrum Field,ROA,P,N,171403.0,132828.0,34.0,0.0,304265.0,0.0005, 
EA,VA,Newport News,Newport News/Williamsburg International,PHF,P,N,114273.0,92453.0,24.0,0.0,206750.0,0.0003, 
EA,VA,Charlottesville,Charlottesville-Albemarle,CHO,P,N,16659.0,138669.0,535.0,0.0,155863.0,0.0002, 
EA,VA,Lynchburg,Lynchburg Regional/Preston Glenn Field,LYH,P,N,13826.0,49410.0,1884.0,0.0,65120.0,0.0001, 
EA,VA,Staunton/Waynesb/Harrisonb,Shenandoah Valley Regional,SHD,P,N,91.0,18972.0,29.0,0.0,19092.0,0.0, 
SO,VI,Charlotte Amalie,Cyril E King,STT,P,S,475537.0,39273.0,0.0,1579.0,516389.0,0.0008, 
SO,VI,Christiansted,Henry E Rohlsen,STX,P,N,175086.0,26601.0,4.0,0.0,201691.0,0.0003, 
NE,VT,Burlington,Burlington International,BTV,P,S,367341.0,141614.0,76.0,0.0,509031.0,0.0008, 
NE,VT,Rutland,Rutland State,RUT,CS,-,0.0,2702.0,4.0,0.0,2706.0,0.0, 
NM,WA,Seattle,Seattle-Tacoma International,SEA,P,L,12705320.0,223253.0,110.0,255947.0,13184630.0,0.0199, 
NM,WA,Spokane,Spokane International,GEG,P,S,1355223.0,63093.0,184.0,5124.0,1423624.0,0.0022, 
NM,WA,Pasco,Tri-Cities,PSC,P,N,148463.0,56009.0,101.0,0.0,204573.0,0.0003, 
NM,WA,Bellingham,Bellingham International,BLI,P,N,70993.0,22600.0,50.0,0.0,93643.0,0.0001, 
NM,WA,Yakima,Yakima Air Terminal/McAllister Field,YKM,P,N,54491.0,18434.0,518.0,0.0,73443.0,0.0001, 
NM,WA,Wenatchee,Pangborn Memorial,EAT,P,N,47201.0,0.0,599.0,0.0,47800.0,0.0001, 
NM,WA,Walla Walla,Walla Walla Regional,ALW,P,N,28486.0,0.0,56.0,0.0,28542.0,0.0, 
NM,WA,Pullman,Pullman/Moscow Regional,PUW,P,N,28176.0,0.0,115.0,0.0,28291.0,0.0, 
NM,WA,Port Angeles,William R Fairchild International,CLM,P,N,22497.0,576.0,474.0,0.0,23547.0,0.0, 
NM,WA,Friday Harbor,Friday Harbor,FHR,P,N,0.0,12073.0,56.0,0.0,12129.0,0.0, 
NM,WA,Moses Lake,Grant County International,MWH,P,N,8986.0,2518.0,30.0,0.0,11534.0,0.0, 
NM,WA,Seattle,Boeing Field/King County International,BFI,P,N,2680.0,4959.0,165.0,2751.0,10555.0,0.0, 
NM,WA,Anacortes,Anacortes,74S,CS,-,0.0,7715.0,27.0,0.0,7742.0,0.0, 
NM,WA,Eastsound,Orcas Island,ORS,CS,-,0.0,5497.0,98.0,0.0,5595.0,0.0, 
GL,WI,Milwaukee,General Mitchell International,MKE,P,M,2557630.0,254507.0,254.0,13082.0,2825473.0,0.0043, 
GL,WI,Madison,Dane County Regional-Truax Field,MSN,P,S,662769.0,12102.0,163.0,0.0,675034.0,0.001, 
GL,WI,Green Bay,Austin Straubel International,GRB,P,S,316720.0,19896.0,1121.0,0.0,337737.0,0.0005, 
GL,WI,Appleton,Outagamie County Regional,ATW,P,N,209019.0,34353.0,1558.0,0.0,244930.0,0.0004, 
GL,WI,Mosinee,Central Wisconsin,CWA,P,N,114207.0,16219.0,18.0,0.0,130444.0,0.0002, 
GL,WI,La Crosse,La Crosse Municipal,LSE,P,N,101673.0,6742.0,40.0,0.0,108455.0,0.0002, 
GL,WI,Rhinelander,Rhinelander-Oneida County,RHI,P,N,27341.0,181.0,26.0,0.0,27548.0,0.0, 
GL,WI,Eau Claire,Chippewa Valley Regional,EAU,P,N,21340.0,0.0,31.0,0.0,21371.0,0.0, 
GL,WI,Oshkosh,Wittman Regional,OSH,CS,-,172.0,2343.0,91.0,0.0,2606.0,0.0, 
EA,WV,Charleston,Yeager,CRW,P,N,113848.0,130604.0,140.0,0.0,244592.0,0.0004, 
EA,WV,Huntington,Tri-State/Milton J. Ferguson Field,HTS,P,N,15236.0,33391.0,32.0,0.0,48659.0,0.0001, 
EA,WV,Parkersburg,Wood County Airport Gill Robb Wilson Field,PKB,P,N,0.0,17559.0,7.0,0.0,17566.0,0.0, 
EA,WV,Morgantown,Morgantown Municipal-Walter L. Bill Hart Field,MGW,P,N,0.0,16211.0,22.0,0.0,16233.0,0.0, 
EA,WV,Clarksburg,Benedum,CKB,P,N,1479.0,12097.0,2.0,0.0,13578.0,0.0, 
EA,WV,Lewisburg,Greenbrier Valley,LWB,CS,-,4800.0,3711.0,63.0,0.0,8574.0,0.0, 
EA,WV,Beckley,Raleigh County Memorial,BKW,CS,-,160.0,3284.0,19.0,0.0,3463.0,0.0, 
NM,WY,Jackson,Jackson Hole,JAC,P,N,114201.0,50443.0,316.0,0.0,164960.0,0.0002, 
NM,WY,Casper,Natrona County International,CPR,P,N,8667.0,52775.0,240.0,0.0,61682.0,0.0001, 
NM,WY,Cody,Yellowstone Regional,COD,P,N,2861.0,21641.0,20.0,0.0,24522.0,0.0, 
NM,WY,Cheyenne,Cheyenne,CYS,P,N,1147.0,19649.0,113.0,0.0,20909.0,0.0, 
NM,WY,Sheridan,Sheridan County,SHR,P,N,69.0,13285.0,78.0,0.0,13432.0,0.0, 
NM,WY,Gillette,Gillette-Campbell County,GCC,P,N,0.0,13058.0,152.0,0.0,13210.0,0.0, 
NM,WY,Riverton,Riverton Regional,RIW,P,N,0.0,11610.0,72.0,0.0,11682.0,0.0, 
NM,WY,Laramie,Laramie Regional,LAR,P,N,331.0,9595.0,658.0,0.0,10584.0,0.0, 
NM,WY,Rock Springs,Rock Springs-Sweetwater County,RKS,CS,-,177.0,8714.0,246.0,0.0,9137.0,0.0, 
NM,WY,Worland,Worland Municipal,WRL,CS,-,0.0,2622.0,54.0,0.0,2676.0,0.0, 
,,,Total,,,,595903663.0,30571746.0,1101960.0,32504856.0,660082225.0,0.9953999999999975,
